brand,category,capability,status,maturity_score,advanced,short_description,how_it_works,customer_value,url,page_title,date_accessed,screenshot_status,screenshot_reference,limitations,confidence
BYD,CONFIGURE,Model configurator,Confirmed,3,yes,"Customer picks a variant, exterior colour, interior and wheels with a live-updating render and price, then the exact configuration is carried into a lead-capture step via a persistent save-configuration URL.","""Dapatkan Penawaran"" opens an order flow (/order-seal): variant tabs, colour swatches with live image+price update, interior/wheel tabs, then ""Selanjutnya"" moves to /save-configuration with the full spec (series, colour, interior, wheels) encoded plus a contact-info form.",Configuration is demonstrably carried forward into the sales process rather than just displayed.,https://www.byd.com/id/order-seal,Order Seal | BYD Indonesia,2026-09-24,not captured,,"Did not submit the contact form, so could not confirm what happens after submission (e.g. dealer routing, confirmation).",High
Chery,CONFIGURE,Model configurator,Not found,0,no,No colour/trim configurator was found.,"Model cards link to a ""See Details"" static page; no build/configure tool observed in the flows checked.",,https://chery.co.id/en,Experience drive of the future with Chery Indonesia!,2026-09-24,not captured,,"Did not open an individual model's ""See Details"" page, which may include a configurator.",Low
Daihatsu,CONFIGURE,Model configurator,Not found,0,no,No colour/trim/accessory configurator was found.,"Checked main navigation (Layanan menu: Katalog Mobil, Harga, Dapatkan Penawaran, Outlet, Fleet) and the Produk menu; both only list static models with links to a catalogue or a quote request, no build/configure tool.",,https://daihatsu.co.id/,"Daihatsu Indonesia - Merk Mobil Keluarga Terbaik, Mobil Terlaris 2026",2026-09-24,not captured,,Individual model pages were not each inspected for an embedded configurator.,Medium
Honda,CONFIGURE,Model configurator,Confirmed,2,no,"The same credit-simulation wizard doubles as a configurator: model, variant, colour, maintenance package and accessories are each individually priced.",Selecting a colour or accessory changes a running configuration summary and final price shown before financing inputs.,Customer can see the effect of each choice on price even if they only want to browse configurations.,https://www.honda-indonesia.com/credit-simulation,Credit Simulation :: Honda Indonesia,2026-09-24,not captured,,"Not a standalone configurator page, lives inside the finance tool; no save/share/configuration-ID observed.",Medium
Hyundai,CONFIGURE,Model configurator,Confirmed,2,no,"""Build & Price"" lets a customer choose trim, engine, exterior colour and options with a running total price.","A 3-step panel (Trim, Exterior, Options) updates a running ""Total Price"" figure as each step is completed; started on a Stargazer Cartenz X trim showing Rp. 385,000,000 before exterior/options were chosen.",Shows the real cost impact of trim and option choices before talking to a dealer.,https://www.hyundai.com/id/en/build-a-car/build-and-price/build-and-price-steps?productCode=stargazer-cartenz-x,Build My Hyundai | Build & Price | Hyundai Indonesia,2026-09-24,not captured,,Did not complete the Exterior/Options steps or check for save/share/dealer hand-off from this specific tool.,High
Isuzu,CONFIGURE,Model configurator,Not found,0,no,No colour/trim configurator was found.,Products page is a static catalogue of commercial-vehicle models with a Request Quotation CTA; no build/configure tool.,,https://isuzu-astra.com/,Isuzu Astra Motor Indonesia,2026-09-24,not captured,,Individual model pages not each checked.,Medium
Jaecoo,CONFIGURE,Model configurator,Not found,0,no,No colour/trim configurator was found.,Model pages offer only E-Brochure and Test Drive CTAs; no build/configure tool.,,https://jaecoo.id/en/model/jaecoo-j7,Urban Luxury Reimagined with JAECOO J7 SHS,2026-09-24,not captured,,Checked one model page in depth; others not individually checked.,Medium
Mitsubishi,CONFIGURE,Model configurator,Not found,0,no,No standalone vehicle configurator (colour/trim/accessories builder) was found.,"Checked main navigation and the Simulasi Kredit entry flow; only a starting-price vehicle picker was found, not a colour/accessory configurator.",,https://www.mitsubishi-motors.co.id/,Drive your Ambition | Mitsubishi Motors Indonesia,2026-09-24,not captured,,Individual model pages were not each inspected for an embedded configurator.,Medium
Suzuki,CONFIGURE,Model configurator,Not found,0,no,"No build-and-price or configurator tool appears in the site navigation or on the e VITARA page; the page has a variant chooser, an accessories tab and brochure and test-drive shortcuts.","Automobile, Accessories, Service, Parts, Press Release and Find Dealer are the main sections.",,https://auto.suzuki.co.id/cars/evitara,Spesifikasi dan Harga Suzuki e VITARA,2026-09-28,not captured,,Navigation and one model page reviewed; no sitemap was available.,Low
Toyota,CONFIGURE,Model configurator,Confirmed,3,no,"A standalone ""Buat Mobil Impian"" tool lets the customer pick a variant, switch exterior colours (render updates live), add priced accessory packages (e.g. Basic Package Rp255,000, Value Package Rp1,454,000) and see a running price estimate, then carries the variant and estimate into a ""Dapatkan Penawaran"" step.","Mobil Baru -> model search -> variant list with per-variant prices -> Build Car page with colour swatches, Paket Kustom and Aksesoris -> Selanjutnya opens Get Your Offer with the variant and Rp303.000.000 estimate, ready for dealer and date selection.",Full build-and-price journey that hands the configuration straight into a dealer offer request.,https://www.toyota.astra.co.id/shopping-tools/build-your-vehicle/build-car,Build Car | Toyota Indonesia,2026-09-28,not captured,,"The offer step showed the default colour (Platinum White Pearl), not the Dark Red Mica I selected, so colour may not carry over. Did not go past dealer and date selection.",High
VinFast,CONFIGURE,Model configurator,Confirmed,3,yes,"A ""Build Vehicle"" step lets the customer pick exterior and interior colour and choose between Battery Subscription and Battery Included, with the price recalculating live, then carries straight into a reservation flow.","Reservation flow step 1 (Build Vehicle): exterior colour swatches update the render instantly; interior colour choice; Battery Service radio (Battery Subscription vs Battery Included); step 2 shows financial-offer toggle, estimated instalment fields, deposit amount (Rp3,000,000) and estimated vehicle price (Rp232,000,000) before a Next Step button.","Configuration output (colour, battery model) feeds directly into a real reservation with a stated deposit, not just a summary screen.",https://shop.vinfastauto.id/reservation?model=VF5,Reserve your VinFast EV now | VinFast Indonesia,2026-09-24,not captured,,Did not proceed past step 1 into Enter Information/Payment.,High
Wuling,CONFIGURE,Model configurator,Not found,0,no,No colour/trim configurator was found.,"Checked the Shopping Tools menu (Dealer, Price List, Comparison Car, EV Calculator, Download Brochure, Promo & Deals, Purchasing Consultation); no configurator listed.",,https://wuling.id/en,Drive Your Car With Family for A Better Life | Wuling,2026-09-24,not captured,,,Medium
Daihatsu,CONNECTED VEHICLE,Fleet telematics,Unknown,?,no,"A Fleet page exists (customer-fleet) but returned an error, and the fleet subsite is on the Cloudflare-protected host, so a telematics offer could not be checked.",Fleet link in the main menu points to astra-daihatsu.id/fleet.,,https://daihatsu.co.id/customer-fleet/,Daihatsu Fleet,2026-09-28,not captured,,Blocked host not bypassed; needs a manual check.,Low
Honda,CONNECTED VEHICLE,Fleet telematics,Not found,0,no,No fleet telematics product was found; Honda CONNECT is a consumer smartphone service.,No fleet page in the sitemap.,,https://www.honda-indonesia.com/hondaconnect,Honda CONNECT :: Honda Indonesia,2026-09-28,not captured,,"Based on the full sitemap (1,294 URLs) and the site navigation; no page of this kind exists. A tool loaded inside another page could be missed.",Medium
Hyundai,CONNECTED VEHICLE,Fleet telematics,Not found,0,no,"No fleet or commercial telematics product was found; Hyundai Indonesia sells passenger vehicles and its connected service, Bluelink, is for individual owners.",No fleet page in the sitemap.,,https://www.hyundai.com/id/en,Hyundai Motor Indonesia,2026-09-28,not captured,,"Based on the complete 161-URL sitemap, which lists no page of this kind.",Medium
Isuzu,CONNECTED VEHICLE,Fleet telematics,Confirmed,2,yes,"""Isuzu Link"" is a real fleet telematics product with speed-limit alerts, geofencing and Telegram/email notifications.","Product page shows a demo video and screenshots of an alert-configuration dashboard: alert name, overspeed type, vehicle group, threshold value, and toggles for Telegram/email/circle-radius (geofence) notifications.",Genuine fleet-management depth (breakdown/speeding alerts) uncommon among the other 13 brands in this sample.,https://isuzu-astra.com/services/?q=isuzu-link,Layanan After Sales Isuzu - Information,2026-09-24,not captured,,"Evidence is a marketing/demo video and screenshots, not a live logged-in account; could not confirm real-time functionality first-hand.",Medium
Mitsubishi,CONNECTED VEHICLE,Fleet telematics,Not found,0,no,"The Fleet page covers fleet sales, service packages, on-site service and driver training; no fleet telematics product was found. Mitsubishi Connect is aimed at individual owners.",Fleet section reviewed via the page and related news items.,,https://www.mitsubishi-motors.co.id/fleet,Fleet | Mitsubishi Motors Indonesia,2026-09-28,not captured,,"Based on the complete 1,557-URL sitemap and the site navigation.",Medium
Suzuki,CONNECTED VEHICLE,Fleet telematics,Not found,0,no,No fleet or telematics product appears in the site navigation.,"Navigation covers automobile, motorcycle, marine, accessories, service and parts.",,https://auto.suzuki.co.id/,Home - Suzuki Indonesia,2026-09-28,not captured,,Navigation review only; no site search or sitemap was available.,Low
Toyota,CONNECTED VEHICLE,Fleet telematics,Confirmed,2,yes,"""G-Fleet"" is a web-based (no app download) fleet-monitoring platform: real-time vehicle location, geofence entry/exit alerts, low-battery alerts, and idle/speeding alerts.",Product page lists each monitoring capability explicitly and states it is accessed via a web platform rather than a mobile app install.,"Directly comparable to Isuzu Link; Toyota also offers real-time fleet telematics, not just for commercial-vehicle brands.",https://www.toyota.astra.co.id/g-fleet,Fleet Management Service | PT. Toyota-Astra Motor,2026-09-24,not captured,,"Evidence is the product/marketing page, not a live logged-in dashboard.",Medium
Wuling,CONNECTED VEHICLE,Fleet telematics,Not found,0,no,No fleet telematics product was found; the IoV Remote Control App is for individual owners.,Navigation and the Connectivity page reviewed.,,https://wuling.id/en/iov,Smartphone Interconnection | Wuling,2026-09-28,not captured,,Navigation review only; no site search or sitemap was available.,Low
BYD,CONNECTED VEHICLE,Mobile application,Confirmed,2,no,"The ""BYD App"" documents specific remote features: air conditioner control, digital key, vehicle status (range/battery %), and vehicle position.","Page shows an app screenshot with named controls (Air Conditioner, Digital Key) and two feature badges (Vehicle Status showing 505km/89%, Vehicle Position); available on App Store and Google Play.","Standard EV remote-control feature set, clearly documented rather than just implied.",https://www.byd.com/id/aftersales/byd-apps,BYD Apps | BYD Indonesia,2026-09-24,not captured,,Did not install the app to verify functionality first-hand.,Medium
Daihatsu,CONNECTED VEHICLE,Mobile application,Partial,1,no,"A ""DaihatsuKu"" app is referenced as a service-booking channel.",Mentioned on the Mobile Service page; app store listing and feature set were not reviewed.,,https://daihatsu.co.id/ownership/mobile-services,Daihatsu Mobile Service | Daihatsu Indonesia,2026-09-28,not captured,,"Only a one-line mention seen; no feature documentation read. Checked via HTTP fetch of page HTML, not an interactive browser session.",Low
Honda,CONNECTED VEHICLE,Mobile application,Confirmed,2,no,"""Honda CONNECT"" documents smartphone features: Car Status (battery, doors, fault notices), Remote Vehicle Control (start engine, lights, AC, lock doors), Service History & Reminder and In-Car Wi-Fi; the separate Honda e-Care app covers service booking and dealer search.",A dedicated Honda CONNECT page lists each feature with a description; e-Care is promoted from the After Sales menu.,Documented connected-car feature set plus a service app.,https://www.honda-indonesia.com/hondaconnect,Honda CONNECT :: Honda Indonesia,2026-09-28,not captured,,"Feature pages only; apps not installed or tested, and model/variant availability of Honda CONNECT not checked.",Medium
Hyundai,CONNECTED VEHICLE,Mobile application,Confirmed,2,no,"""Hyundai Bluelink"" documents remote vehicle control, roadside and emergency assistance and real-time vehicle alerts, free for 3 years on a new Hyundai and then a paid yearly subscription.","A dedicated Bluelink subscription page explains the 3-year free period and renewal, with linked T&C, un-enrol and forgotten-password pages.","Documented connected-service with an account lifecycle (enrol, renew, un-enrol).",https://www.hyundai.com/id/en/hyundai-story/hyundaibluelink/subscription,Hyundai Bluelink Subscription | Hyundai Indonesia,2026-09-28,not captured,,"App and features not tested first-hand; model availability not checked. Checked via HTTP fetch of page HTML, not an interactive browser session.",Medium
Isuzu,CONNECTED VEHICLE,Mobile application,Confirmed,1,no,"MyISUZUID is an Isuzu owner app (contact data, news and promos, product and network info, service-manual downloads); Isuzu Link is a separate fleet product.",Linked from the main navigation and the After Sales services page.,,https://isuzu-astra.com/services/?q=myisuzuid,Layanan After Sales Isuzu - Information,2026-09-28,not captured,,Same app as the Customer account row; no connected-vehicle remote functions documented; app not installed.,Medium
MG,CONNECTED VEHICLE,Mobile application,Confirmed,2,no,"""MG i-SMART"" documents four feature groups (Smart Check, Smart Command, Smart Connect, Smart Drive) including voice control (""Hello MG""), remote checks, and for EVs, charging schedule and nearby charging-station lookup.",Dedicated Innovation page describes each Smart-category's features and links to iOS/Android app downloads.,"Notably, the EV variant of this app also shows nearby charging stations and lets scheduling of off-peak charging -- effectively doubling as a charging-map feature inside the app.",https://www.mgmotor.id/innovation/ismart,MG i-SMART | Teknologi Konektivitas Pintar Mobil MG,2026-09-24,not captured,,Did not install the app.,Medium
Mitsubishi,CONNECTED VEHICLE,Mobile application,Confirmed,2,no,"""Mitsubishi Connect"" documents specific remote features: Remote Climate Control, Remote Door Lock/Unlock, Car Finder & Horn, Vehicle Status Report, Roadside Assistance and Parental Control.",Feature page lists each capability with an icon; explicitly notes availability is limited to the Destinator Ultimate & Ultimate Premium variants only.,"Clearly named feature set, though gated to the range-topping trim of one model.",https://www.mitsubishi-motors.co.id/mitsubishi-connect,Cek Beragam Fitur Mitsubishi Connect,2026-09-24,not captured,,Only available on Destinator Ultimate/Ultimate Premium; not a brand-wide feature. Did not test in an actual vehicle/app.,High
Suzuki,CONNECTED VEHICLE,Mobile application,Not found,0,no,No customer app or connected-vehicle page appears in the site navigation or services menu.,"Services menu lists maintenance, AutoValue, insurance, finance and Halo Suzuki (24-hour hotline).",,https://www.suzuki.co.id/services,Servis Kendaraan Suzuki After Sales | Suzuki Indonesia,2026-09-28,not captured,,Navigation review only; an app could exist without a web page.,Low
Toyota,CONNECTED VEHICLE,Mobile application,Confirmed,2,yes,"""T Intouch"" (via the mTOYOTA app) documents 8+ named telematics features -- Remote Immobilizer, In-Car WiFi Hotspot, Find My Car, Stolen Vehicle Tracking, Guest Driver Alert, Time Fencing, Geofencing, Speed & Idle Alert, Safe Driving Reward -- plus an on-page VIN checker and a 5-step activation guide.","Page includes an embedded VIN-lookup tool to check T Intouch availability/status, a numbered activation guide (download mTOYOTA -> add car -> confirm privacy policy -> start engine 1 minute -> connects within 24h), and a detailed FAQ on the 3-year free subscription and paid renewal after.",The most granularly documented connected-vehicle feature set and onboarding flow in the whole sample.,https://www.toyota.astra.co.id/tintouch,T Intouch | PT. Toyota-Astra Motor,2026-09-24,not captured,,Did not install mTOYOTA or activate T Intouch on a real vehicle; only available on certain models/head units.,High
Wuling,CONNECTED VEHICLE,Mobile application,Confirmed,1,no,"Wuling documents an Internet of Vehicle ""Wuling Remote Control App"" giving remote controls from a smartphone, alongside Android Auto and Apple CarPlay support and a My Wuling app on the App Store and Google Play.",Smartphone Interconnection page (/iov) describes IoV and the Remote Control App; store links are on the homepage.,,https://wuling.id/en/iov,Smartphone Interconnection | Wuling,2026-09-28,not captured,,"Page excerpt read only; the individual remote controls were not listed in what I read, and the app was not installed.",Medium
Daihatsu,CONVERT,Online reservation,Unknown,?,no,"Daihatsu's purchase and quote flows run on the Cloudflare-protected astra-daihatsu.id host, so an online reservation could not be checked.",Dapatkan Penawaran and Booking Sekarang both hand off to that host.,,https://daihatsu.co.id/,Daihatsu Indonesia,2026-09-28,not captured,,Blocked host not bypassed; needs a manual check.,Low
Honda,CONVERT,Online reservation,Not found,0,no,"No online reservation or pre-order page was found; e:N1 pricing is by ""Hubungi Dealer"" (contact dealer).",No such page in the sitemap.,,https://www.honda-indonesia.com/en1,Honda e:N1 :: Honda Indonesia,2026-09-28,not captured,,"Based on the 1,294-URL sitemap and navigation.",Low
Hyundai,CONVERT,Online reservation,Not found,0,no,No online reservation or pre-order page exists; the purchase path ends in a Get Quote request.,Shopping flow is Find a Car -> Build & Price -> Request a Quote.,,https://www.hyundai.com/id/en/myhyundaicare/pembelian/minta-penawaran,Request a Quote | myHyundaiCare,2026-09-28,not captured,,"Based on the complete 161-URL sitemap, which lists no page of this kind.",Medium
Isuzu,CONVERT,Online reservation,Not found,0,no,No online reservation or pre-order page was found; the sales path is Request Quotation.,No such page in the 748-URL sitemap.,,https://isuzu-astra.com/,Isuzu Astra Motor Indonesia,2026-09-28,not captured,,Based on the complete sitemap and navigation.,Medium
Mitsubishi,CONVERT,Online reservation,Not found,0,no,"No online reservation or pre-order page was found; the purchase path is Konsultasi Pembelian, Test Drive and Simulasi Kredit.",No such page in the sitemap.,,https://www.mitsubishi-motors.co.id/konsultasi-pembelian,Konsultasi Pembelian | Mitsubishi Motors Indonesia,2026-09-28,not captured,,"Based on the complete 1,557-URL sitemap and the site navigation.",Medium
Suzuki,CONVERT,Online reservation,Not found,0,no,"No online reservation or pre-order page appears; the purchase path is Konsultasi Pembelian, Test Drive and credit simulation, even for the new e Vitara.",e Vitara page shows features and safety content but no booking action in what was read.,,https://www.suzuki.co.id/automobile/evitara,e VITARA | Suzuki Indonesia,2026-09-28,not captured,,Navigation review only; no site search or sitemap was available.,Low
Toyota,CONVERT,Online reservation,Partial,1,no,"A campaign ""Pesan Sekarang"" (order now) page for the New Veloz Hybrid EV collects name, email, phone, city, dealer and product type and routes the order intent to a dealer, with no deposit or payment step.",Reached from a floating banner on every Toyota page; single form with dealer and type dropdowns and two consent ticks.,Lets a shopper register a purchase intent with a specific dealer for a promoted model.,https://www.toyota.astra.co.id/veloz-hybridev-book,Veloz Hybrid EV Book | PT. Toyota-Astra Motor,2026-09-28,not captured,,"Model-specific campaign page, not a general reservation tool; form not submitted, so any confirmation or deposit step is unknown.",Medium
VinFast,CONVERT,Online reservation,Confirmed,3,yes,"A 3-step reservation flow (Build Vehicle -> Enter Information -> Payment) with a stated deposit amount, on a dedicated shop subdomain.","After configuring the vehicle, the flow shows a deposit amount (Rp3,000,000) and estimated vehicle price (Rp232,000,000) with a ""NEXT STEP"" button leading toward Enter Information and Payment stages.","The most complete online purchase funnel observed across the sample -- reservation with a real deposit, not just a lead form.",https://shop.vinfastauto.id/reservation?model=VF5,Reserve your VinFast EV now | VinFast Indonesia,2026-09-24,not captured,,Did not complete Enter Information or Payment steps (would require real personal/payment data).,High
Wuling,CONVERT,Online reservation,Partial,1,no,"A ""Booking Now"" link leads to the Purchasing Consultation form (test drive, buy plan, payment, nearest dealer), which registers intent with a dealer but takes no deposit.",Booking Now and Buying Consultation both open /purchasing-consultation.,,https://wuling.id/en/purchasing-consultation,Purchasing Consultation | Wuling,2026-09-28,not captured,,Lead form only; no deposit or confirmation step seen. Form not submitted.,Medium
Daihatsu,CONVERT,Request quote,Unknown,?,no,"""Dapatkan Penawaran"" (get offer) redirects to a Cloudflare-protected subdomain that blocked automated browsing.","Clicking Dapatkan Penawaran navigates to astra-daihatsu.id, which returned a Cloudflare ""Sorry, you have been blocked"" page in this session.",,https://www.astra-daihatsu.id/c/mobil-baru-daihatsu,Attention Required! | Cloudflare,2026-09-24,not captured,,Blocked by bot protection in this session; needs manual/human browser check.,Medium
Geely,CONVERT,Request quote,Not found,0,no,No dedicated request-a-quote tool was found; Terms & Conditions text notes pricing is not binding until a dealer formal quotation.,"Checked main navigation (Models, Technology, News, Geely Care+, Find Us, About Us, Test Drive); no distinct quote-request page.",,https://www.geelyauto.id/,Geely Auto Indonesia Homepage,2026-09-24,not captured,,,Medium
Honda,CONVERT,Request quote,Not found,0,no,"No request-a-quote form was found; buyers are directed to test drive, price simulation, or to contact a dealer (for example the e:N1 ""Hubungi Dealer"" button).",No quote or consultation page in the sitemap.,,https://www.honda-indonesia.com/promotions,Promotions :: Honda Indonesia,2026-09-28,not captured,,"Based on the full sitemap (1,294 URLs) and the site navigation; no page of this kind exists. A tool loaded inside another page could be missed.",Low
Hyundai,CONVERT,Request quote,Confirmed,2,no,"A dedicated ""Request a Quote"" page under myHyundaiCare collects First/Last name, email and further fields per model.","""Get Quote"" button on any model opens a structured form (First name, Last name, E-mail, plus fields below the fold).",,https://www.hyundai.com/id/en/myhyundaicare/pembelian/minta-penawaran,Book Now | myHyundaiCare | Hyundai Indonesia,2026-09-24,not captured,,Did not scroll to see all fields or submit the form.,High
Isuzu,CONVERT,Request quote,Confirmed,2,no,A structured request form ties a quote request to a specific province and outlet.,"""Request Form"": Nama Lengkap, Alamat Email, Nomor Telepon, Provinsi, then up to several Outlet dropdowns for specific dealer selection.","Lets a commercial buyer route a quote request to a specific outlet, not just a generic inbox.",https://isuzu-astra.com/,Isuzu Astra Motor Indonesia,2026-09-24,not captured,,"Did not submit the form, so confirmation/follow-up behaviour was not observed.",High
Mitsubishi,CONVERT,Request quote,Confirmed,2,no,"""Konsultasi Pembelian"" (purchase consultation) is a model-picker form connecting the shopper with a dealer salesperson for a tailored offer.","Page headline ""Konsultasikan Kebutuhan Anda"" with a ""Pilih Kendaraan"" model grid leading into a request form.",,https://www.mitsubishi-motors.co.id/konsultasi-pembelian,Konsultasi Pembelian | Mitsubishi Motors Indonesia,2026-09-24,not captured,,Did not complete the form to see the full field set.,Medium
Suzuki,CONVERT,Request quote,Confirmed,2,no,"""Konsultasi Pembelian"" is a structured request form: model and type, name, phone, email, province, city, occupation, purchase plan and current vehicle.","Form with a model dropdown feeding a type dropdown, plus contact and purchase-plan fields.",Gives the dealer a qualified lead with the model and buying plan.,https://www.suzuki.co.id/konsultasi-pembelian/automobile,Suzuki Konsultasi Pembelian | Suzuki Indonesia,2026-09-28,not captured,,Form not submitted; no price estimate is shown on the page.,High
Toyota,CONVERT,Request quote,Confirmed,3,no,"""Get Your Offer"" ties a price estimate to a specific vehicle, dealer and date, with the estimate explicitly noted as subject to dealer stock/policy.","Flow: Pilih Mobil -> Pilih Dealer & Tanggal -> shows ""Estimasi Harga Rp0 (Tergantung Kesediaan Barang & Kebijakan Dealer)"" before a Selanjutnya (Next) step.","Quote is explicitly tied to a specific dealer's stock and policy, not a generic national price.",https://www.toyota.astra.co.id/shopping-tools/get-your-offer,Get Your Offer,2026-09-24,not captured,,Did not complete the flow to see a non-zero estimate.,High
Wuling,CONVERT,Request quote,Confirmed,2,no,"The ""Purchasing Consultation"" form (linked from Booking Now and Buying Consultation) collects test-drive intent, buy plan (0-1/1-3/>3 months), payment (cash/credit), whether a price offer is wanted, contact details, city, nearest dealer and car type.","Form page with radio groups, a dealer selector and a marketing-consent checkbox; submitted to a Wuling salesperson.","Structured quote-style request tied to a nearby dealer, with an explicit price-offering option.",https://wuling.id/en/purchasing-consultation,Purchasing Consultation | Wuling,2026-09-28,not captured,,Form not submitted.,High
BYD,CONVERT,Test-drive booking,Partial,1,no,"A per-model ""Uji Kendaraan"" (test drive) button links to a dedicated test-drive portal.","Button links to /id/test-asia-driver#N, with a distinct anchor per model, suggesting a structured per-model booking flow.",,https://www.byd.com/id/test-asia-driver,BYD Indonesia,2026-09-24,not captured,,Did not open the booking portal itself to see the actual form/steps.,Low
Chery,CONVERT,Test-drive booking,Partial,?,no,"A ""Test Drive"" shortcut exists in the persistent floating action menu.",Floating quick-action menu (Find Dealer / Test Drive / Buying Consultation) includes a Test Drive icon; not opened in this session.,,https://chery.co.id/en/dealers,"Find the closest Chery Dealer in your city, and get the exclusive offer! | Chery Indonesia",2026-09-24,not captured,,Icon confirmed present; the resulting form/flow was not opened.,Low
Daihatsu,CONVERT,Test-drive booking,Unknown,?,no,"No test-drive entry appears in the site navigation, but the ""Dapatkan Penawaran"" quote route goes to a Cloudflare-protected subdomain that blocks automated browsing, so a booking option there could not be checked.","Main menu (Katalog Mobil, Harga, Dapatkan Penawaran, Outlet, Fleet) has no test-drive item.",,https://daihatsu.co.id/,Daihatsu Indonesia,2026-09-28,not captured,,Blocked subdomain not bypassed; needs a manual check.,Low
Geely,CONVERT,Test-drive booking,Confirmed,2,no,"A visual model-picker test-drive form collects full name, phone and email.","""Book a Test Drive"" page: choose one of 4 models visually, then Full Name / Code+Phone number / Email contact fields.",Ties the booking directly to a specific model chosen visually.,https://www.geelyauto.id/testdrive,Test Drive,2026-09-24,not captured,,Did not submit the form.,High
Honda,CONVERT,Test-drive booking,Confirmed,2,no,"""Book a Test Drive"" is a structured form: full name, mobile number, email, car model, a three-level location selector, when you plan to buy, and a privacy consent tick.",Book Now page opens directly on the form with model and location dropdowns.,A dedicated booking path tied to a model and a location.,https://www.honda-indonesia.com/book-now,Book Now :: Honda Indonesia,2026-09-28,not captured,,"Form not submitted, so confirmation and dealer follow-up were not observed.",High
Hyundai,CONVERT,Test-drive booking,Not found,0,no,No dedicated test-drive booking page was found.,"The full site sitemap (via a 404 page) lists Find a Car, Build a Car, and myHyundaiCare (About/Purchase/Ownership/Trade-in/Owner's Manual/Genuine Accessories/OTA updates) with no separate test-drive entry; test drives appear to run only through time-limited campaigns (e.g. a FIFA World Cup 2026 test-drive campaign).",,https://www.hyundai.com/id/en/utility/sitemap,Hyundai Sitemap | Hyundai Motors Indonesia,2026-09-24,not captured,,Request a Quote may implicitly route to a test drive; a standalone dedicated tool was not found.,Medium
Isuzu,CONVERT,Test-drive booking,Not found,0,no,"No test-drive entry appears in the main navigation or on the D-Max product page, which offers Request Quotation, Compare Product and Download Brochure instead.",Full main menu and one product page reviewed.,,https://isuzu-astra.com/all-new-isuzu-d-max/,Isuzu Astra Motor Indonesia - All New Isuzu D-Max,2026-09-28,not captured,,Other product pages were not opened.,Low
Jaecoo,CONVERT,Test-drive booking,Confirmed,2,no,"A structured test-drive form collects name, WhatsApp number, email, model and a preferred timing.","Modal form: Full Name, WhatsApp Number, Email, Select Model dropdown, ""When would you like to test drive?"" dropdown, reCAPTCHA, Submit.","Captures scheduling intent and model interest in one structured step, not just a generic contact form.",https://jaecoo.id/en/model/jaecoo-j7,Urban Luxury Reimagined with JAECOO J7 SHS,2026-09-24,not captured,,"Did not submit the form, so confirmation behaviour was not observed.",High
MG,CONVERT,Test-drive booking,Confirmed,2,no,A test-drive form with a visual model picker (state carried over from the Comparison page) and Name/Email/Phone/Domisili/City fields.,"""Test Drive"" page pre-selects the model chosen earlier on the Comparison page and collects Name, Email, Phone Number, Select Domisili and Select City.",Domicile/city fields suggest routing to a nearby dealer for the test drive.,https://www.mgmotor.id/testdrive,Test Drive MG Indonesia | Coba Mobil MG Sekarang,2026-09-24,not captured,,Did not scroll to see if a specific dealer is shown/selected after entering domicile.,High
Mitsubishi,CONVERT,Test-drive booking,Confirmed,2,no,"""Ajukan Test Drive"" is a model-picker booking form; per documentation it also verifies the phone number by OTP before the dealer is notified.",Page collects personal data and lets the customer pick the nearest dealer and preferred schedule; an OTP is sent to confirm the request before the dealer contacts the customer.,OTP verification is a step beyond a plain contact form.,https://www.mitsubishi-motors.co.id/test-drive,Test Drive | Mitsubishi Motors Indonesia,2026-09-24,not captured,,"OTP step confirmed via web search of Mitsubishi's own documentation, not directly observed in this session.",Medium
Suzuki,CONVERT,Test-drive booking,Confirmed,2,no,"A dedicated ""Isi Form Test Drive"" page collects name and phone number to arrange a test drive.","Structured form (Nama, No. Handphone, and further fields below the fold) submits a request that a Suzuki partner follows up on by phone; no online calendar/slot picker observed.",A dedicated structured booking path rather than a generic contact form.,https://www.suzuki.co.id/test-drive/automobile,Test Drive Mobil Suzuki - Booking Online | Suzuki Indonesia,2026-09-24,not captured,,"Did not submit the form, so confirmation/scheduling behaviour after submission was not observed.",Medium
Toyota,CONVERT,Test-drive booking,Confirmed,2,no,A 3-step wizard (Pilih Mobil -> Pilih Dealer -> Konfirmasi Test Drive).,"Stepper UI with a ""Pilih Mobil"" button leading into vehicle then dealer then confirmation steps.",,https://www.toyota.astra.co.id/shopping-tools/test-drive-booking,Test Drive Booking,2026-09-24,not captured,,Did not complete all 3 steps.,High
Wuling,CONVERT,Test-drive booking,Confirmed,2,no,"A structured test-drive request form collects contact info, car/type of interest, city with auto-filled nearest dealer, and a specific appointment date and time.","Form fields: Name, Email, Handphone, City (auto-fills Nearest Dealer), Interested Product/Type, Schedule Date, Schedule Time, Message, plus a marketing-consent checkbox.","Genuine appointment scheduling (specific date/time) tied to a specific nearby dealer, deeper than a generic contact form.",https://wuling.id/en/test-drive,"Form for Wuling Car Test Drive, Register Now! | Wuling",2026-09-24,not captured,,"Did not submit the form, so confirmation behaviour after submission was not observed.",High
BYD,CUSTOMER ASSISTANCE,Chatbot,Confirmed,1,no,"A floating ""Let's Connect!"" button opens WhatsApp directly via api.whatsapp.com, no on-site chat widget.",Clicking the widget opens a new tab to an api.whatsapp.com link with a pre-filled phone number; no BYD-branded chat UI or lead form on-site.,Fastest path to a human but offers no on-site self-service assistance.,https://www.byd.com/id/car/seal,BYD Seal - Cerdas & Dinamis | BYD Indonesia,2026-09-24,not captured,,,High
Chery,CUSTOMER ASSISTANCE,Chatbot,Not found,0,no,No chatbot or live-chat widget was observed.,"Checked homepage, credit-simulation, dealer and booking-service pages; no chat widget present.",,https://chery.co.id/en,Experience drive of the future with Chery Indonesia!,2026-09-24,not captured,,Not every page was checked.,Medium
Daihatsu,CUSTOMER ASSISTANCE,Chatbot,Not found,0,no,No chatbot or live-chat widget was found.,"The floating ""Layanan"" button is a static quick-link menu (Katalog Mobil, Harga, Dapatkan Penawaran, Outlet, Fleet), not a chat interface.",,https://daihatsu.co.id/,"Daihatsu Indonesia - Merk Mobil Keluarga Terbaik, Mobil Terlaris 2026",2026-09-24,not captured,,,Medium
Geely,CUSTOMER ASSISTANCE,Chatbot,Not found,0,no,No chatbot or live-chat widget was observed.,"Checked homepage, model, care and find-us pages; no chat widget present.",,https://www.geelyauto.id/,Geely Auto Indonesia Homepage,2026-09-24,not captured,,Not every page was checked.,Medium
Honda,CUSTOMER ASSISTANCE,Chatbot,Confirmed,1,no,"""Hani"" widget triggers an explicit third-party redirect warning before opening.",Clicking the floating chat icon shows an interstitial warning that the chat lives on an external domain with its own privacy policy.,Indicates the assistant is an outsourced/third-party widget rather than a native site feature.,https://www.honda-indonesia.com/,Honda Indonesia The Power of Dreams,2026-09-24,not captured,,"Did not proceed to the third-party domain, so actual conversation quality was not tested.",Medium
Hyundai,CUSTOMER ASSISTANCE,Chatbot,Not found,0,no,No chatbot or live-chat widget was observed.,"Checked the homepage, sitemap, Contact Us and Hyundai Finance pages; none showed a chat widget.",,https://www.hyundai.com/id/en,"Hyundai Motor Indonesia - EV, SUV, MPV & Hybrid",2026-09-24,not captured,,Not every page on the site was checked.,Medium
Isuzu,CUSTOMER ASSISTANCE,Chatbot,Not found,0,no,"No chatbot was found; the floating icon is a shortcut to the quote-request form, not a chat widget.","The persistent floating envelope icon opens the ""Request Form"" modal, not a chat panel.",,https://isuzu-astra.com/,Isuzu Astra Motor Indonesia,2026-09-24,not captured,,,High
Jaecoo,CUSTOMER ASSISTANCE,Chatbot,Not found,0,no,No chatbot or live-chat widget was observed.,"Checked homepage, model page and dealer page; no chat widget present.",,https://jaecoo.id/en,JAECOO Indonesia | Premium SUV with Advanced Technology,2026-09-24,not captured,,Not every page was checked.,Medium
MG,CUSTOMER ASSISTANCE,Chatbot,Confirmed,2,yes,"A live chat widget (tawk.to) lets a visitor type a free-text message immediately, with no lead-capture form required first.","Clicking the chat bubble opens a panel with a greeting message and a ""Type here and press enter"" input -- unlike every other brand in this sample, no name/phone/email gate blocks the first message.","Genuinely lower-friction than the lead-gated chat widgets seen on Toyota, Honda, Mitsubishi, BYD and others.",https://www.mgmotor.id/,MG Motor Indonesia Official Site,2026-09-24,not captured,,"Did not send an actual message (would create a real support ticket); it is a human live-chat (tawk.to), not an AI assistant.",High
Mitsubishi,CUSTOMER ASSISTANCE,Chatbot,Confirmed,1,no,"""MIRA"" virtual assistant requires name, email and phone number before chat begins.",Floating widget opens a lead-capture form (Nama/Email/Nomor Telepon) with no free-text entry available beforehand.,"Routes visitors into a lead rather than answering questions directly, the same pattern as Toyota and Honda.",https://www.mitsubishi-motors.co.id/,Drive your Ambition | Mitsubishi Motors Indonesia,2026-09-24,not captured,,"Did not submit fabricated contact info, so actual chat/AI behaviour after connecting was not tested.",High
Suzuki,CUSTOMER ASSISTANCE,Chatbot,Unknown,?,no,A floating chat-style icon is present in the bottom-right corner of the site.,Clicking the icon twice did not open a visible chat panel in this session.,,https://www.suzuki.co.id/dealers,Dealer Resmi Suzuki | Suzuki Indonesia,2026-09-24,not captured,,"Icon present but did not open; could be a rendering delay, or gated to specific pages. Needs re-test.",Low
Toyota,CUSTOMER ASSISTANCE,Chatbot,Confirmed,1,no,"""Ask TARRA"" widget requires name, phone and email before any chat message can be sent.",Clicking the floating widget opens a lead-capture form (name/phone/email + Connect button); no free-text chat was available before submitting.,Routes a visitor into a contactable lead rather than answering questions directly.,https://www.toyota.astra.co.id/,Toyota Indonesia,2026-09-24,not captured,,"Did not submit fabricated contact info, so the actual chat/AI behaviour after connecting was not tested.",High
VinFast,CUSTOMER ASSISTANCE,Chatbot,Not found,0,no,No chatbot or live-chat widget was observed.,"The persistent floating sidebar has call, compare/savings, dealer, price-list and promotion shortcuts, but no chat icon.",,https://vinfastauto.id/en,Homepage | VinFast,2026-09-24,not captured,,Not every page was checked.,Medium
Wuling,CUSTOMER ASSISTANCE,Chatbot,Confirmed,1,no,"""Customer Care"" opens a separate support-ticket portal that requires account login or sign-up before any interaction.","Clicking the Customer Care widget opens customercare.wuling.id, a Freshdesk-style portal with ""Log in to support portal"" / ""Sign up with us"" -- no live chat or AI assistant, ticket-based support only.","Structured support ticketing, but with a real account-creation barrier before contacting support at all.",https://customercare.wuling.id/en/support/login,Login : Wuling Customer Care,2026-09-24,not captured,,"Did not create an account, so post-login ticket submission was not tested.",High
BYD,DEALER & INVENTORY,Dealer locator,Partial,?,no,"A ""Temukan Kami"" (find us) dealer locator page exists in the main navigation.",Not opened interactively this session; presence confirmed via site navigation only.,,https://www.byd.com/id/find-store,BYD Indonesia,2026-09-24,not captured,,"Entry point confirmed via navigation only, not opened or interacted with in this session.",Low
Chery,DEALER & INVENTORY,Dealer locator,Confirmed,2,no,"A dealer locator with Sales/Service/Sparepart/Body Paint category filters, name search, and a live clustered map across Indonesia.",Filter panel with dealer-category toggles plus a search box sits beside an interactive map showing clustered pin counts by region.,Lets a customer find the specific type of outlet they need (e.g. body paint vs sales).,https://chery.co.id/en/dealers,"Find the closest Chery Dealer in your city, and get the exclusive offer! | Chery Indonesia",2026-09-24,not captured,,Did not run an actual filtered search.,High
Daihatsu,DEALER & INVENTORY,Dealer locator,Partial,1,no,"A dedicated dealer/workshop page exists with a ""Cari Bengkel terdekat"" button.","Page titled ""Temukan Dealer Terdekat"" links out via a single CTA button; the resulting map/search interface was not opened in this session.",,https://daihatsu.co.id/shopping/dealer/,Daftar Dealer Mobil | Daihatsu Indonesia,2026-09-24,not captured,,"Did not click through ""Cari Bengkel terdekat"" to confirm filtering/search depth.",Low
Geely,DEALER & INVENTORY,Dealer locator,Confirmed,2,no,A location-search dealer locator with Sales/Service filters and a geolocation button.,"""Find Us"" page: location search box, Sales/Service filter toggles, and a ""locate me"" geolocation icon over a map.",Lets a shopper distinguish sales showrooms from service centres.,https://www.geelyauto.id/find-us,Find Us,2026-09-24,not captured,,Did not run an actual search or view map pins.,Medium
Honda,DEALER & INVENTORY,Dealer locator,Confirmed,2,no,"The ""Dealer Digital Showroom"" locator (Honda Prospect Motor) searches by location or by Province, City and Area and lists dealers with call, map and website links.","Search box plus Province/City/Area dropdowns above a paged results list (e.g. Honda Jakarta Center, Honda Bandung Center) with phone numbers.",Lets a shopper find a nearby Honda dealer and contact it directly.,https://dealerhonda-indonesia.com/,Honda Prospect Motor Locator/Finder | Honda Dealer,2026-09-28,not captured,,Hosted on a separate Honda domain linked from the footer; a filtered search was not run.,Medium
Hyundai,DEALER & INVENTORY,Dealer locator,Not found,0,no,No dedicated multi-dealer locator tool was found in the main site navigation.,"The sitemap lists two named showrooms (Hyundai Motorstudio Senayan Park, Hyundai Mobility Exhibition Centre) and a general ""Contact Us"" feedback form, but no searchable dealer directory/map.",,https://www.hyundai.com/id/en/utility/sitemap,Hyundai Sitemap | Hyundai Motors Indonesia,2026-09-24,not captured,,The Build & Price and Hyundai Finance flows do reference specific dealers internally; a standalone public locator may still exist elsewhere and was not found via nav or sitemap.,Medium
Isuzu,DEALER & INVENTORY,Dealer locator,Confirmed,2,no,A dedicated dealer page with a name/location search box.,"""Find your nearest Dealer"" search field above a dealer results list.",Standard dealer search for a commercial-vehicle network.,https://isuzu-astra.com/dealer/,Isuzu Astra Motor Indonesia - Dealer,2026-09-24,not captured,,Did not run an actual search to confirm result quality.,Medium
Jaecoo,DEALER & INVENTORY,Dealer locator,Confirmed,2,no,"Province-filtered dealer locator with a live map, e.g. ""Showing 11 dealers in DKI Jakarta"".",A province dropdown filters a list of dealer cards alongside an embedded map with satellite toggle.,Quickly narrows dealers to the customer's own province.,https://jaecoo.id/en/dealers,JAECOO Dealer Locations Your Nearest Showroom,2026-09-24,not captured,,Did not test city-level narrowing or map interaction beyond the default province.,High
MG,DEALER & INVENTORY,Dealer locator,Confirmed,2,no,"A dealer locator with a name/address search, a results list with phone numbers, and an embedded map.","""Find MG Dealer"" page: search box, scrollable list of dealers with address and phone number, map with pins (map tiles failed to fully load with a Google Maps API error in this session, but the list itself worked).",Direct phone numbers per dealer alongside the map.,https://www.mgmotor.id/mgdealer,Dealer MG Indonesia | Temukan Showroom Terdekat,2026-09-24,not captured,,Map showed a Google Maps API/billing error in this session; the dealer list itself rendered correctly.,Medium
Mitsubishi,DEALER & INVENTORY,Dealer locator,Confirmed,2,no,Map-based dealer locator with visible dealer pins on load.,"Page ""Temukan Dealer Terdekat"" loads an embedded map with dealer markers immediately, no search input needed to see nearby dealers.",Gives an immediate visual of dealer coverage without extra steps.,https://www.mitsubishi-motors.co.id/cari-dealer,Cari Dealer | Mitsubishi Motors Indonesia,2026-09-24,not captured,,Did not test search-by-city or filtering options.,Medium
Suzuki,DEALER & INVENTORY,Dealer locator,Confirmed,2,no,"Dealer locator with Product, Category and Province filters plus a name/city search and an embedded map.",Filter panel (Produk / Kategori / Provinsi / Cari Nama Dealer-Kota) sits above a map; filters narrow the dealer list shown alongside the map.,"Lets a shopper narrow dealers by the specific product line and category they care about, not just location.",https://www.suzuki.co.id/dealers,Dealer Resmi Suzuki | Suzuki Indonesia,2026-09-24,not captured,,Map tiles/pins had not finished loading when captured; did not confirm distance sorting.,Medium
Toyota,DEALER & INVENTORY,Dealer locator,Confirmed,2,no,"Map-based dealer picker with a city search box and Test Drive / Trade-In filter chips, reached from inside the finance flow.",Opens a modal with search-by-city and filter tags; a login prompt is shown but is not mandatory to browse.,Lets the customer narrow dealers by the specific service they want (test drive vs trade-in) rather than a flat list.,https://www.toyota.astra.co.id/shopping-tools/financial-simulation/simulation-detail,Financial Simulation - Get closer to your dream Toyota,2026-09-24,not captured,,Map tiles did not finish loading in this session; did not confirm distance sorting or opening hours.,Medium
VinFast,DEALER & INVENTORY,Dealer locator,Confirmed,2,no,A dealer locator with State/City/Location Type filters and 136 listed results.,"""Find a Dealer"" page: Search Location box plus State, City and Location Type dropdown filters above a results list (""There are 136 results"").",Location Type filter suggests distinguishing showrooms from service/charging locations.,https://vinfastauto.id/en/dealer-locator,Dealer Locator | VinFast,2026-09-24,not captured,,Did not run an actual filtered search.,High
Wuling,DEALER & INVENTORY,Dealer locator,Confirmed,2,no,"Dealer locator with Category, City and name/address search plus a live map showing 148 results.",Filter panel (Category / City / Find Dealer Name-Address) sits beside an interactive map with clustered pin counts by region; page explicitly links dealer visits to test-drive registration.,High-coverage locator (148 results) directly tied into the test-drive booking flow.,https://wuling.id/en/dealer,The Closest Dealer Address of Wuling Motors in Your City | Wuling,2026-09-24,not captured,,Did not complete a filtered search to confirm result accuracy.,High
Chery,DISCOVER,Model finder,Confirmed,2,no,"Models are grouped by powertrain (BEV/CSH/ICE) with quick specs (battery, length, wheelbase) shown per model.","""Models"" nav dropdown shows a powertrain-tabbed grid of models, each with battery/length/wheelbase figures and a ""See Details"" link.",Lets a shopper narrow by powertrain type before diving into a specific model.,https://chery.co.id/en,Experience drive of the future with Chery Indonesia!,2026-09-24,not captured,,"Did not click through to a ""See Details"" page.",High
Daihatsu,DISCOVER,Model finder,Not found,0,no,"Models are listed by name in the Produk menu and a ""Katalog Mobil"" link, with no filter by body type, price or powertrain.",Flat model list in the menu.,,https://daihatsu.co.id/,Daihatsu Indonesia,2026-09-28,not captured,,Navigation review only; the catalogue page was not opened.,Low
Honda,DISCOVER,Model finder,Not found,0,no,Models are listed under Cars with no filter or guided finder page in the sitemap.,Homepage lists model cards; the site offers compare and price simulation instead.,,https://www.honda-indonesia.com/,Honda Indonesia The Power of Dreams,2026-09-28,not captured,,"Based on the 1,294-URL sitemap and navigation; the Cars menu itself was not opened.",Low
Hyundai,DISCOVER,Model finder,Not found,0,no,Models are shown as a flat Find a Car grid with a starting price each; there is no filter or guided finder.,No finder page in the sitemap; the Find a Car page lists models only.,,https://www.hyundai.com/id/en,Hyundai Motor Indonesia,2026-09-28,not captured,,"Based on the complete 161-URL sitemap, which lists no page of this kind.",Medium
Isuzu,DISCOVER,Model finder,Not found,0,no,Products are listed by name in menus; there is no filter or guided finder.,"Product dropdown lists D-Max, Traga, Elf, Giga and MU-X.",,https://isuzu-astra.com/,Isuzu Astra Motor Indonesia,2026-09-28,not captured,,Navigation review only.,Low
Mitsubishi,DISCOVER,Model finder,Not found,0,no,"Models are listed under Our Cars by name; there is no filter or guided finder. The comparison tool can start from a price band (""Rentang Harga""), which is comparison, not a finder.",No finder page in the sitemap.,,https://www.mitsubishi-motors.co.id/car-comparison,Car Comparison | Mitsubishi Motors Indonesia,2026-09-28,not captured,,"Based on the complete 1,557-URL sitemap and the site navigation.",Low
Suzuki,DISCOVER,Model finder,Confirmed,2,no,"A ""Find your perfect Suzuki"" section groups models under All, Passenger Car and Commercial Car tabs, listing XL7, e VITARA, Fronx, Grand Vitara, APV, Ertiga, Jimny, S-Presso and Carry Pick Up.",Tab controls above a model list on the automobile homepage.,Lets a shopper narrow the range by vehicle type.,https://auto.suzuki.co.id/,Home - Suzuki Indonesia,2026-09-28,not captured,,"Tabs were identified in the page but not clicked, and no price or powertrain filter was seen.",Medium
Toyota,DISCOVER,Model finder,Confirmed,2,no,"The homepage ""Pilih Mobil"" section filters models by body style (MPV/SUV/Hatchback/Sedan/Commercial) and by Electrified, showing a per-model OTR Jakarta starting price.","Tabs filter a card grid, e.g. New Veloz Hybrid EV from Rp303.000.000 tagged ELECTRIFIED.",Lets a shopper narrow by body style and powertrain before choosing a model.,https://www.toyota.astra.co.id/,PT. Toyota-Astra Motor | Mobil Terbaik Keluarga Indonesia,2026-09-28,not captured,,Did not test every filter combination.,High
Wuling,DISCOVER,Model finder,Not found,0,no,Models are listed by name in the Wuling Vehicles menu; there is no filter or guided finder.,"Flat list of Aira ev, Eksion, Darion, Almaz, Alvez, Cortez, Confero and Formo models.",,https://wuling.id/en,Wuling homepage,2026-09-28,not captured,,Navigation review only; no site search or sitemap was available.,Low
BYD,DISCOVER,Vehicle comparison,Not found,0,no,No vehicle comparison tool was found.,Checked homepage navigation and model pages; no compare/versus tool found.,,https://www.byd.com/id,BYD Indonesia,2026-09-24,not captured,,Individual model pages were not exhaustively checked for an embedded comparison widget.,Medium
Daihatsu,DISCOVER,Vehicle comparison,Not found,0,no,No first-party vehicle comparison tool was found.,"Checked main navigation; blog content mentions third-party apps (e.g. Mobil123) that offer comparison, but no first-party tool on daihatsu.co.id.",,https://daihatsu.co.id/,"Daihatsu Indonesia - Merk Mobil Keluarga Terbaik, Mobil Terlaris 2026",2026-09-24,not captured,,Did not check every model page individually for an embedded comparison widget.,Medium
Geely,DISCOVER,Vehicle comparison,Not found,0,no,No vehicle comparison tool was found.,Checked main navigation; no comparison page listed.,,https://www.geelyauto.id/,Geely Auto Indonesia Homepage,2026-09-24,not captured,,Did not search the site beyond the visible navigation.,Medium
Honda,DISCOVER,Vehicle comparison,Confirmed,2,no,Customer can add up to 3 Honda models with model/variant dropdowns to compare.,Selecting a model in the first dropdown updates the page URL with the chosen car id.,Lets a shopper narrow a shortlist without leaving the Honda site.,https://www.honda-indonesia.com/compare,Compare :: Honda Indonesia,2026-09-24,not captured,,Did not complete variant selection for a second/third model to view the final spec-by-spec output table.,Medium
Hyundai,DISCOVER,Vehicle comparison,Not found,0,no,No vehicle comparison tool was found.,The /find-a-car/compare-cars URL returns a 404; the full site sitemap (Find a Car / Build a Car / myHyundaiCare / Hyundai Story sections) lists no comparison page.,,https://www.hyundai.com/id/en/utility/sitemap,Hyundai Sitemap | Hyundai Motors Indonesia,2026-09-24,not captured,,Checked the full sitemap rather than every individual model page.,Medium
Isuzu,DISCOVER,Vehicle comparison,Confirmed,2,no,"A ""Compare Product"" page has three product dropdowns (D-Max, MU-X, Traga, Elf and Giga variants) above a collapsible specification table.","Compare page loads with three ""Select Product"" columns and spec accordions (returned an error to a plain HTTP fetch but works in a browser).",Lets a commercial buyer compare up to three vehicles or variants.,https://isuzu-astra.com/compare/,Isuzu Astra Motor Indonesia - Compare,2026-09-28,not captured,,Did not select three products through to a filled table.,Medium
Jaecoo,DISCOVER,Vehicle comparison,Not found,0,no,No vehicle comparison tool was found.,Checked main navigation; no comparison page listed.,,https://jaecoo.id/en,JAECOO Indonesia | Premium SUV with Advanced Technology,2026-09-24,not captured,,Did not search the site beyond the visible navigation.,Medium
MG,DISCOVER,Vehicle comparison,Confirmed,2,no,"A full model-lineup comparison tool: pick models visually, get a side-by-side spec comparison with variant tabs per model.","""Comparison"" page shows all current models as image tiles; selecting two (e.g. MG ZS HYBRID+ and MGS5 EV) and pressing Compare renders a side-by-side section per model with variant tabs (e.g. Ignite/Magnify/Magnify Max).","Full spec-by-spec comparison across the entire current lineup, not just a fixed pair.",https://www.mgmotor.id/comparison,MG Motor Indonesia Official Site,2026-09-24,not captured,,Did not scroll through the full comparison table to check every spec row.,High
Mitsubishi,DISCOVER,Vehicle comparison,Confirmed,2,no,"Customer chooses a comparison method (""Pemilihan Unit"" or ""Rentang Harga"") then selects up to 3 vehicles to compare.","Selecting ""Pemilihan Unit"" reveals a ""choose up to 3 vehicles"" picker; the URL updates to reflect the chosen method.",Offers two ways to start a comparison (by specific models or by price band) rather than one fixed format.,https://www.mitsubishi-motors.co.id/car-comparison?method=unit,Drive your Ambition | Mitsubishi Motors Indonesia,2026-09-24,not captured,,Did not select 3 vehicles through to a final spec-by-spec output table.,Medium
Suzuki,DISCOVER,Vehicle comparison,Unknown,?,no,"A ""Compare Vehicle"" page is indexed by search engines but returned a ""Halaman Tidak Ditemukan"" (page not found) error when visited directly in this session.","URL suzuki.co.id/compare exists in search results with the title ""Compare Vehicle | Suzuki Indonesia"" but 404s on direct visit.",,https://www.suzuki.co.id/compare,Compare Vehicle | Suzuki Indonesia,2026-09-24,not captured,,Could be a transient outage rather than a removed feature; needs re-check on a later date.,Medium
Toyota,DISCOVER,Vehicle comparison,Confirmed,2,no,"A ""Pilih Mobil Pembanding"" (choose comparison vehicle) tool lets the customer pick two models by body style (MPV/SUV/Hatchback/Sedan/Commercial) and see them side by side.","Body-style tabs filter a model grid with OTR Jakarta pricing; two silhouettes with a ""VS"" divider await selection.",,https://www.toyota.astra.co.id/shopping-tools/vehicle-comparison,Vehicle Comparison,2026-09-24,not captured,,Did not select two vehicles through to the final comparison table.,High
VinFast,DISCOVER,Vehicle comparison,Not found,0,no,No vehicle comparison tool was found.,Car Model page lists each model with Explore/Buy Now links only; no side-by-side comparison tool found in navigation.,,https://vinfastauto.id/en,Homepage | VinFast,2026-09-24,not captured,,Did not search the site beyond the visible navigation.,Medium
Wuling,DISCOVER,Vehicle comparison,Confirmed,2,no,A 3-way comparison tool lets the customer pick model and type per column and see a dimension/spec table.,"Three ""Select Model"" / ""Select Type"" dropdown pairs feed a comparison table (starting with a Dimension section); selecting ""Aira ev"" populated the first column's model selector.",Lets a shopper compare up to three specific model/type combinations side by side.,https://wuling.id/en/comparison-car,Comparison of Wuling Car Types | Wuling,2026-09-24,not captured,,Did not complete Type selection or scroll to see the fully populated comparison table.,Medium
Chery,ELECTRIFICATION,Charging map,Not found,0,no,"No first-party charging-station map was found despite Chery selling EVs (E5, J6 EV).","Site search for charging-map content returned only warranty/charger-hardware bundle information, not a station locator.",,https://chery.co.id/en,Experience drive of the future with Chery Indonesia!,2026-09-24,not captured,,,Medium
Daihatsu,ELECTRIFICATION,Charging map,Not found,N/A,no,"Daihatsu's only electrified model, the Rocky e-Smart Hybrid, is a strong hybrid that does not plug in, so a charging map does not apply.",Daihatsu content states the Rocky hybrid needs no external charging.,,https://daihatsu.co.id/product/rocky-hybrid/,Daihatsu Rocky e-Smart Hybrid | Daihatsu Indonesia,2026-09-28,not captured,,No plug-in or battery-electric model was seen in the lineup.,Medium
Geely,ELECTRIFICATION,Charging map,Not found,0,no,"No first-party charging-station map was found despite Geely selling EVs (EX2, EX5).",Checked main navigation and site search; no dedicated charging-map page found.,,https://www.geelyauto.id/,Geely Auto Indonesia Homepage,2026-09-24,not captured,,,Medium
Honda,ELECTRIFICATION,Charging map,Not found,0,no,No charging-station map or locator page was found for Honda EVs (e:N1).,"The e:N1 page describes the ""Honda Electrified Experience""; no locator page exists in the sitemap.",,https://www.honda-indonesia.com/en1,Honda e:N1 :: Honda Indonesia,2026-09-28,not captured,,"Based on the full sitemap (1,294 URLs) and the site navigation; no page of this kind exists. A tool loaded inside another page could be missed.",Medium
Hyundai,ELECTRIFICATION,Charging map,Partial,1,no,"The EV Charging Station page has a ""Find Nearby Hyundai Charging Station"" finder with an address search, distance radius (up to 2500 km) and a map.",Search form plus a Google map with a result count; in this session the map was centred on Madrid and showed 0 results even at 2500 km.,,https://www.hyundai.com/id/en/myhyundaicare/kepemilikan/ev-charging,EV Charging Station | Hyundai Indonesia,2026-09-28,not captured,,Tool exists but returned no results in this session; not confirmed that my typed query reached the field. Page says some stations are only shown in the myHyundai app.,Medium
Isuzu,ELECTRIFICATION,Charging map,Not found,N/A,no,"Isuzu's lineup on its site is diesel commercial vehicles and the MU-X; no EV model is listed, so a charging map does not apply.","Product menu lists D-Max, Traga, Elf, Giga and MU-X only.",,https://isuzu-astra.com/,Isuzu Astra Motor Indonesia,2026-09-28,not captured,,"A news item covers using an Elf as a mobile EV charger base, which is not a customer charging map.",Medium
Mitsubishi,ELECTRIFICATION,Charging map,Not found,0,no,No charging-station locator was found for the L100 EV or the Xforce HEV; charging appears only in news about a PLN fast-charging partnership.,Model pages exist for L100 EV and Xforce HEV; no locator page in the sitemap.,,https://www.mitsubishi-motors.co.id/our-cars/l100-ev,Mitsubishi L100 EV,2026-09-28,not captured,,"Only news items mention charging facilities. Based on the complete 1,557-URL sitemap and the site navigation.",Medium
Suzuki,ELECTRIFICATION,Charging map,Not found,0,no,No charging-station locator was found although Suzuki now lists the e Vitara EV.,"e Vitara page covers exterior, interior, features, safety and accessories.",,https://www.suzuki.co.id/automobile/evitara,e VITARA | Suzuki Indonesia,2026-09-28,not captured,,Navigation review only; no site search or sitemap was available.,Low
Toyota,ELECTRIFICATION,Charging map,Confirmed,2,yes,"An interactive charging-station locator with province/city filters lists dozens of real stations across Indonesia, distinguishing regular AC chargers from Ultra Fast Charging (UFC) DC stations.","Province and city dropdowns filter a long list of dealer and rest-area charging locations, each with address, phone, and Maps/Web links; UFC stations (120-150kW) are explicitly labelled separately from standard 22kW AC chargers.","Real, extensive station coverage (100+ locations cited) rather than a generic ""find charging near you"" message.",https://itstimeforeveryone.toyota.astra.co.id/charging-station,Charging Station | Teknologi Mobil Listrik Toyota | Toyota Electrified,2026-09-24,not captured,,Did not test the province/city filter interaction itself.,High
VinFast,ELECTRIFICATION,Charging map,Confirmed,2,no,An interactive map shows charging/store locations across Indonesia.,"""Charging Station"" nav item opens a ""Find Us"" map with location pins across major Indonesian cities.",Lets an EV owner check charging coverage before buying.,https://vinfastauto.id/find-us,Find Us | VinFast,2026-09-24,not captured,,Did not click individual pins to confirm they are charging stations versus dealer/store locations.,Medium
Wuling,ELECTRIFICATION,Charging map,Partial,1,no,"A dedicated ""Charging Location"" page exists under Electric Vehicle.","Page title is ""Wuling Charging Station Locations in Your City""; the station list/map is loaded by JavaScript and was not rendered.",,https://wuling.id/en/electric-vehicle/charging-location,Wuling Charging Station Locations in Your City | Wuling,2026-09-28,not captured,,"Could not see whether it is an interactive map, a list or filters; needs a browser check to score 2. Checked via HTTP fetch of page HTML, not an interactive browser session.",Low
Chery,ELECTRIFICATION,Cost-of-ownership calculator,Not found,0,no,Cost-of-ownership is mentioned descriptively in marketing copy but no interactive calculator was found.,"Site content references cost-of-ownership benefits of hybrid/EV models in prose, not via a calculator tool.",,https://chery.co.id/en,Experience drive of the future with Chery Indonesia!,2026-09-24,not captured,,,Medium
Daihatsu,ELECTRIFICATION,Cost-of-ownership calculator,Not found,0,no,No cost-of-ownership calculator was found.,No such page in the sitemap; Daihatsu mentions a total-cost-of-ownership award in news only.,,https://daihatsu.co.id/,Daihatsu Indonesia,2026-09-28,not captured,,"Based on the sitemap (about 8,800 URLs, mostly news and tips) and the site navigation.",Medium
Honda,ELECTRIFICATION,Cost-of-ownership calculator,Not found,0,no,No cost-of-ownership or EV savings calculator was found.,Only a service-cost page (Biaya Perawatan Berkala) and the credit simulation exist.,,https://www.honda-indonesia.com/aftersales/costs,Biaya Perawatan Berkala :: Honda Indonesia,2026-09-28,not captured,,"Based on the full sitemap (1,294 URLs) and the site navigation; no page of this kind exists. A tool loaded inside another page could be missed.",Medium
Hyundai,ELECTRIFICATION,Cost-of-ownership calculator,Not found,0,no,No interactive total-cost-of-ownership calculator was found.,Search for cost-of-ownership/TCO content on the Hyundai Indonesia site returned no dedicated calculator tool.,,https://www.hyundai.com/id/en,"Hyundai Motor Indonesia - EV, SUV, MPV & Hybrid",2026-09-24,not captured,,Checked via search rather than exhaustive navigation.,Medium
Isuzu,ELECTRIFICATION,Cost-of-ownership calculator,Partial,1,no,The Credit Simulation page shows static owning and operating cost breakdown charts but no interactive calculator.,Infographic donut charts beside leasing partner links.,Gives a general sense of cost structure.,https://isuzu-astra.com/credit-simulation/,Isuzu Astra Motor Indonesia - Credit Simulation,2026-09-28,not captured,,Static charts only; no user inputs.,Medium
Mitsubishi,ELECTRIFICATION,Cost-of-ownership calculator,Not found,0,no,No cost-of-ownership or EV savings calculator was found.,No such page in the sitemap; the credit simulation page is the only calculator.,,https://www.mitsubishi-motors.co.id/simulasi-kredit,Simulasi Kredit | Mitsubishi Motors Indonesia,2026-09-28,not captured,,"Based on the complete 1,557-URL sitemap and the site navigation.",Medium
Suzuki,ELECTRIFICATION,Cost-of-ownership calculator,Not found,0,no,No cost-of-ownership or EV savings calculator was found.,Only the credit simulation form exists.,,https://www.suzuki.co.id/automobile/simulasi-kredit,Credit Simulasi Mobil | Suzuki Indonesia,2026-09-28,not captured,,Navigation review only; no site search or sitemap was available.,Low
VinFast,ELECTRIFICATION,Cost-of-ownership calculator,Confirmed,3,yes,"A full Total Cost of Ownership calculator (model, battery subscription, ownership years, monthly distance) produces a calculated savings figure and a detailed VinFast-EV-vs-ICE breakdown table.","After selecting car model (VF 5), battery subscription (Yes/No), estimated years (2-5) and monthly distance (slider, 1,000-10,000 km), the tool calculated ""Total saving Rp 52.222.399 (34%)"" versus a common ICE vehicle, with a side-by-side TCO breakdown table.","A genuinely calculated, personalised savings figure -- the most complete cost-of-ownership tool in the sample.",https://vinfastauto.id/en/total-cost-of-ownership,VinFast,2026-09-24,captured,vinfast_tco_01.png,Did not scroll to inspect every line of the TCO breakdown table.,High
Wuling,ELECTRIFICATION,Cost-of-ownership calculator,Partial,1,no,"A dedicated ""EV Cost of Ownership"" tool lets the customer pick an EV model to estimate running-cost savings.","Model picker (New Air ev Pro 300 KM, Lite 300 KM, Lite 200 KM) plus inputs for the old car (litres per km, battery kWh, fuel type from Pertalite to Pertamina Dex, home power 2,200 VA and up).","Directly addresses EV running-cost uncertainty, a common purchase concern.",https://wuling.id/en/ev-calculator,Air EV Cost of Ownership: Hitung Hemat Biaya Pemakaiannya | Wuling,2026-09-28,not captured,,"Inputs are present, but I did not enter values, so the calculated result was not observed (needs that to score 2).",Low
Daihatsu,EMERGING EXPERIENCES,Vehicle subscription,Not found,0,no,No subscription or lease-as-a-service offer was found in the site navigation.,"Navigation lists models, price, quote, outlets, fleet, warranty and service pages only.",,https://daihatsu.co.id/,Daihatsu Indonesia,2026-09-28,not captured,,Navigation review only.,Low
Honda,EMERGING EXPERIENCES,Vehicle subscription,Not found,0,no,No vehicle subscription or lease-as-a-service offer was found. The /subscribe page is a newsletter sign-up.,No subscription page in the sitemap.,,https://www.honda-indonesia.com/subscribe,Subscribe :: Honda Indonesia,2026-09-28,not captured,,"Based on the full sitemap (1,294 URLs) and the site navigation; no page of this kind exists. A tool loaded inside another page could be missed.",Medium
Hyundai,EMERGING EXPERIENCES,Vehicle subscription,Confirmed,2,no,"""Hyundai Subscribe"" is a vehicle-subscription solution with a fixed monthly fee, a commitment period and an option to own the vehicle at the end of the contract.",Ownership page describes the offer and links a Hyundai Subscription form.,"A genuine alternative to buying, documented with contract mechanics.",https://www.hyundai.com/id/en/myhyundaicare/kepemilikan/hyundai-subscribe,Hyundai Subscribe | Ownership | myHyundaiCare,2026-09-28,not captured,,"Pricing, models covered and the form itself were not opened. Checked via HTTP fetch of page HTML, not an interactive browser session.",Medium
Isuzu,EMERGING EXPERIENCES,Vehicle subscription,Not found,0,no,No subscription or lease-as-a-service offer appears in the site navigation.,Financing is limited to a Credit Simulation page.,,https://isuzu-astra.com/,Isuzu Astra Motor Indonesia,2026-09-28,not captured,,Navigation review only.,Low
Mitsubishi,EMERGING EXPERIENCES,Vehicle subscription,Not found,0,no,No subscription or lease-as-a-service offer was found.,No such page in the sitemap.,,https://www.mitsubishi-motors.co.id/,Drive your Ambition | Mitsubishi Motors Indonesia,2026-09-28,not captured,,"Based on the complete 1,557-URL sitemap and the site navigation.",Medium
Suzuki,EMERGING EXPERIENCES,Vehicle subscription,Not found,0,no,No subscription or lease-as-a-service offer appears in the site navigation; finance and insurance are offered through Suzuki Finance and Suzuki Insurance.,"Services menu lists price list, dealers, test drive, consultation, maintenance, AutoValue, insurance and finance.",,https://www.suzuki.co.id/services,Servis Kendaraan Suzuki After Sales | Suzuki Indonesia,2026-09-28,not captured,,Navigation review only; no site search or sitemap was available.,Low
Toyota,EMERGING EXPERIENCES,Vehicle subscription,Confirmed,2,no,"""KINTO ONE"" is a fully online car-subscription service (via kinto-id.com): no down payment, packages from ~Rp4,000,000/month with insurance, tax and maintenance included, km packages from 15,000-40,000/year over a 3-year term.",Multiple official Toyota press/news pages describe the subscription mechanics and state applications run entirely online at kinto-id.com.,"A genuine usership alternative to buying, documented with specific pricing and terms rather than a vague ""coming soon"".",https://www.toyota.astra.co.id/kinto,Langganan Mobil Toyota via KINTO,2026-09-24,not captured,,Did not visit kinto-id.com directly (separate domain) to test the actual application flow.,Medium
Wuling,EMERGING EXPERIENCES,Vehicle subscription,Not found,0,no,No subscription or lease-as-a-service offer was found in the full site navigation.,Navigation shows purchase tools only.,,https://wuling.id/en,Wuling homepage,2026-09-28,not captured,,Navigation review only; no site search was run.,Low
Daihatsu,EXPLORE,Colour visualisation,Confirmed,2,no,"On the Rocky e-Smart Hybrid page, clicking a colour swatch re-renders the car (Laser Blue Crystal Shine to Shining Pearl White) and updates the colour name.",Three swatches under the hero render; verified by clicking the white one and comparing screenshots.,Lets a shopper see the car in each available colour.,https://daihatsu.co.id/product/rocky-hybrid/,Daihatsu Rocky e-Smart Hybrid | Daihatsu Indonesia,2026-09-28,not captured,,Only the Rocky page was tested; not confirmed on other models.,High
Geely,EXPLORE,Colour visualisation,Confirmed,2,no,Exterior colour swatches update the model image live in a gallery view.,Clicking a colour swatch (e.g. Aurora Pink to Aether Green) instantly re-renders the car image and updates the colour name label.,Lets a shopper see the exact car in their preferred colour before deciding.,https://www.geelyauto.id/models/geely-ex2,GEELY EX2 | Geely Auto Indonesia,2026-09-24,not captured,,Only exterior colour tested; interior/wheel tabs not tested.,High
Honda,EXPLORE,Colour visualisation,Partial,1,no,"On the New City page a ""Pilihan Warna"" selector has three swatches and the colour name updates when one is chosen (Platinum White Pearl to Crystal Black Pearl).",Clicking a swatch changed the colour label.,,https://www.honda-indonesia.com/city,New Honda City :: Honda Indonesia,2026-09-28,not captured,,"The car render area stayed blank in this session, so a live image change was not observed. Only one model page was tested.",Low
Hyundai,EXPLORE,Colour visualisation,Not found,0,no,No colour selector element was found on the IONIQ 5 model page.,Page scan found no colour or swatch elements and the sitemap has no colour page.,,https://www.hyundai.com/id/en/find-a-car/ioniq5,IONIQ 5 | Hyundai Indonesia,2026-09-28,not captured,,"Checked one model page programmatically, not by clicking; other models may differ.",Low
Isuzu,EXPLORE,Colour visualisation,Not found,0,no,No colour selector was seen on the D-Max product page.,Page has a Gallery section but no swatches or colour picker in its text or sections.,,https://isuzu-astra.com/all-new-isuzu-d-max/,Isuzu Astra Motor Indonesia - All New Isuzu D-Max,2026-09-28,not captured,,Checked one model page only.,Low
Mitsubishi,EXPLORE,Colour visualisation,Confirmed,2,no,"On the New Xforce page a ""Pilihan Warna"" selector re-renders the car when a colour is chosen (silver to black) and updates the colour name; the page also has a variant picker (HEV, Ultimate, Exceed), a 360 degree view tab and an accessories tab.",Radio-group of swatches beside the hero render; verified by clicking the black swatch and comparing screenshots.,Lets a shopper see the car in each colour and variant.,https://www.mitsubishi-motors.co.id/our-cars/new-xforce,Mitsubishi Xforce | Mitsubishi Motors Indonesia,2026-09-28,not captured,,Only the Xforce page was tested; the 360 degree view was not opened.,High
Suzuki,EXPLORE,Colour visualisation,Partial,1,no,"The e VITARA page shows the car rendered side by side in different finishes (a two-tone green and black, a single-tone black) with a ""Tambah Tipe"" option to add a third, but no swatch selector that re-colours one render was tested.",Variasi section with expandable e VITARA Two Tone and Single Tone dropdowns above two renders.,,https://auto.suzuki.co.id/cars/evitara,Spesifikasi dan Harga Suzuki e VITARA,2026-09-28,not captured,,"The cookie banner covered part of the page and I did not accept it, so the section was only partly explored. One model tested.",Low
Toyota,EXPLORE,Colour visualisation,Confirmed,2,no,"In the Build Car tool, clicking an exterior colour swatch immediately re-renders the car (white to Dark Red Mica / Black) and updates the colour name.","Swatch row under the render, verified by clicking a second swatch and comparing the render.","Lets a shopper see the exact car in a chosen colour, with premium-colour pricing tiers.",https://www.toyota.astra.co.id/shopping-tools/build-your-vehicle/build-car,Build Car | Toyota Indonesia,2026-09-28,not captured,,Only exterior colour tested; interior not available on the page I saw.,High
BYD,OWNERSHIP & AFTERSALES,Service booking,Confirmed,1,no,"""Service and Maintenance"" page explains the maintenance schedule and benefits but has no online booking form.","Page describes periodic-maintenance benefits and a schedule table (every 1 year/20,000 km); no appointment scheduler found on the page.",,https://www.byd.com/id/aftersales/service-pemeliharaan,Servis dan Pemeliharaan | BYD Indonesia,2026-09-24,not captured,,Did not check whether a booking form appears further down the page or via a linked CTA.,Medium
Chery,OWNERSHIP & AFTERSALES,Service booking,Confirmed,2,no,A structured Service Booking Form ties an appointment request to a specific dealer.,"Form fields: Full Name, Phone Number, Email, Province, City, Dealer (required, step-gated with a ""Next Step"" button).",Routes a service request to a specific dealer rather than a generic inbox.,https://chery.co.id/en/booking-service,Booking Service | Chery Indonesia,2026-09-24,not captured,,Did not submit the form to see confirmation behaviour.,High
Daihatsu,OWNERSHIP & AFTERSALES,Service booking,Partial,1,no,"A ""Pesan Layanan Servis Secara Online"" page lets the customer choose a service type (Service Berkala) and says Daihatsu will contact them; the ""Booking Sekarang"" button hands off to a booking form on astra-daihatsu.id. Booking is also offered through the DaihatsuKu app or the 1500898 hotline.","The button opens astra-daihatsu.id/services-daihatsu/booking-service, which Cloudflare blocked in this session.",,https://daihatsu.co.id/ownership/booking-service/,Pesan Layanan Servis Secara Online | Daihatsu Indonesia,2026-09-28,not captured,,"The booking form itself sits on a Cloudflare-protected host that blocked automated browsing, so its fields and confirmation step are unknown. Needs a manual check.",Medium
Geely,OWNERSHIP & AFTERSALES,Service booking,Not found,0,no,"""Geely Care+"" is informational only: service philosophy plus an email address and a 24/7 roadside-assistance hotline, no online booking tool.","Page describes Professional/Efficient/Friendly service pillars, ending in a ""Contact us"" section with an email and a toll-free emergency number; no appointment scheduler.",,https://www.geelyauto.id/care,Geely Care+ | Always For You,2026-09-24,not captured,,Checked the full page top to bottom; a booking tool may still exist elsewhere on the site.,Medium
Honda,OWNERSHIP & AFTERSALES,Service booking,Partial,1,no,Service booking is offered through the Honda e-Care app; no standalone web booking form was found in the After Sales menu.,"After Sales menu lists service costs, maintenance packages, Quick Maintenance, Body & Paint and Extended Warranty but no booking entry.",,https://www.honda-indonesia.com/aftersales/customer-care/e-care,Download Honda e-Care :: Honda Indonesia,2026-09-28,not captured,,"A bookingstatus subdomain is linked from the homepage but was not reachable, and the app was not tested.",Low
Hyundai,OWNERSHIP & AFTERSALES,Service booking,Not found,0,no,"No online service booking was found: the Maintenance page and the Ownership menu (Maintenance, 24 Hour Genuine Parts, Warranty, 24 Hour Emergency Service) list no appointment tool.","Maintenance page text has no booking wording apart from a legal ""Booking Condition"" footer link.",,https://www.hyundai.com/id/en/myhyundaicare/kepemilikan/perawatan,Maintenance | myHyundaiCare | Hyundai Motor Indonesia,2026-09-28,not captured,,"Booking may be available inside the myHyundai app, which was not opened.",Medium
Isuzu,OWNERSHIP & AFTERSALES,Service booking,Partial,1,no,"A ""MyIsuzuID Bagi Bagi Merchandise: Booking Service Sekarang"" page promotes booking a service through the MyISUZUID app; the website itself lists 288 partner workshops with phone numbers but has no booking form.","Promotional page pointing to app-based booking, plus a workshop directory under After Sales.","Useful for finding a workshop, not for booking one.",https://isuzu-astra.com/booking-service-isuzu-sekarang/,MyIsuzuID Bagi Bagi Merchandise: Booking Service Sekarang,2026-09-28,not captured,,The in-app booking flow was not opened.,Low
MG,OWNERSHIP & AFTERSALES,Service booking,Not found,0,no,"""MG Care"" is informational: warranty, roadside assistance and a 24/7 call centre number, with no online appointment scheduler observed.","Page lists Roadside Assistance, 5-year warranty, Parts Centre, Courtesy Car and 24/7 Call Centre as accordion/info sections with a phone hotline (0800-1-880-990).",,https://www.mgmotor.id/mgcare/customercare,MG Care | MG Motor Indonesia,2026-09-24,not captured,,"Checked Services and Customer Care tabs; did not check the ""Part"" tab.",Medium
Mitsubishi,OWNERSHIP & AFTERSALES,Service booking,Partial,1,no,"The Perawatan Kendaraan page describes a ""Service Booking"" service that helps customers get serviced on time without queuing.",Descriptive card next to Bengkel Buka Minggu and Quick PIT Service; no booking form seen on the page.,,https://www.mitsubishi-motors.co.id/aftersales/maintenance,Layanan Perawatan Mobil Resmi dari Mitsubishi Motors Indonesia,2026-09-28,not captured,,Did not find where the booking is actually made; may be inside the My Mitsubishi Motors ID app.,Low
Suzuki,OWNERSHIP & AFTERSALES,Service booking,Confirmed,2,no,"""Booking Servis Mobil"" is a structured form (name, email, phone, vehicle model from a dropdown) that routes the request to the nearest dealer.",Form sections DATA DIRI and DATA KENDARAAN with the full Suzuki model list; text says the booking is made at the customer's nearest dealer.,A dedicated online path to a workshop appointment.,https://www.suzuki.co.id/services/automobile/booking,Booking Servis Mobil Suzuki | Suzuki Indonesia,2026-09-28,not captured,,"Form not submitted; no date/slot picker seen in the static markup. Checked via HTTP fetch of page HTML, not an interactive browser session.",Medium
Toyota,OWNERSHIP & AFTERSALES,Service booking,Confirmed,2,no,"""Booking Servis"" is a 2-step online wizard (Pilih Mobil -> Detail Pemesanan): model and type, licence plate, name on the STNK, then name, email and phone.",Step 1 form seen with a full model dropdown and a toggle for someone else delivering the car to the dealer.,A dedicated online path to a workshop appointment.,https://www.toyota.astra.co.id/service-booking,Booking Service Toyota Online | PT. Toyota Astra Motor,2026-09-28,not captured,,"Did not proceed to step 2 (would require real personal data), so dealer and date selection were not observed.",High
Wuling,OWNERSHIP & AFTERSALES,Service booking,Not found,0,no,"No service-booking entry was found in the header or footer navigation; the After Sales page covers warranty, free periodic service and a 3-day service guarantee, with a Find Dealer button.","Full navigation reviewed (Shopping Tools, Experiences, After Sales, Login / Daftar).",,https://wuling.id/en/after-sales,Layanan Purna Jual | Wuling,2026-09-28,not captured,,Reviewed navigation and the start of the After Sales page only; a booking option could sit lower on the page or in the My Wuling app.,Low
Daihatsu,PERSONALISATION & RETENTION,Customer account,Partial,1,no,"A ""DaihatsuKu"" owner app is referenced for service booking; no account or login page was found on the website.",Mentioned on the Mobile Service and Booking Service pages.,,https://daihatsu.co.id/ownership/booking-service/,Pesan Layanan Servis Secara Online | Daihatsu Indonesia,2026-09-28,not captured,,"App not reviewed, so account features are unverified.",Low
Honda,PERSONALISATION & RETENTION,Customer account,Partial,1,no,"Honda e-Care is a customer app (multi-platform, updated versions announced) for service booking and dealer search; whether it uses a personal login was not confirmed.",Described on the e-Care page and in Honda news releases.,,https://www.honda-indonesia.com/aftersales/customer-care/e-care,Download Honda e-Care :: Honda Indonesia,2026-09-28,not captured,,App not installed; account features unverified.,Low
Hyundai,PERSONALISATION & RETENTION,Customer account,Confirmed,2,no,"""myHyundai Indonesia"" is an owner app with account registration, membership tiers, partner deals and an ""Add Hyundai Car"" step that validates the VIN; non-Hyundai owners can join too.","Ownership page describes a download, register, create-account and add-car-by-VIN flow, and a tiered membership programme.",A persistent account with a linked vehicle and membership benefits.,https://www.hyundai.com/id/en/myhyundaicare/kepemilikan/myhyundai-indonesia,myHyundai Indonesia | Hyundai Motor Indonesia,2026-09-28,not captured,,App not installed and no account created; benefits are as described on the page.,Medium
Isuzu,PERSONALISATION & RETENTION,Customer account,Confirmed,2,no,"""MyIsuzuID"" is a mobile app requiring login/registration, with contact data, news/promo, product and network info, and service-manual downloads.","App landing page shows a login/register screen (Log Masuk / Daftar Akun Baru) and a feature list: Data Kontak, News & Promo, Informasi Produk, Informasi Jaringan, Unduh buku servis & manual. Available on Google Play and the App Store.",Gives owners a persistent account for product and network info and downloadable service documentation.,https://isuzu-astra.com/services/?q=myisuzuid,Layanan After Sales Isuzu - Information,2026-09-24,not captured,,"Did not install the app or log in, so in-app functionality was not directly tested.",Medium
Mitsubishi,PERSONALISATION & RETENTION,Customer account,Confirmed,2,no,"""My Mitsubishi Motors ID"" is an official app for managing vehicles and accessing services, positioned as a personal assistant for the ownership journey.",Landing page describes the app under the #ConnectingYourAdventure banner; per earlier research it also supports test-drive and service-booking reservations from the app.,,https://www.mitsubishi-motors.co.id/my-mitsubishi-motors-id,My Mitsubishi Motors ID: Kelola Mobil & Layanan Anda,2026-09-24,not captured,,Did not install the app.,Medium
Suzuki,PERSONALISATION & RETENTION,Customer account,Not found,0,no,"No customer account, login or loyalty programme appears in the site navigation.","Navigation covers products, service, parts and press releases.",,https://auto.suzuki.co.id/,Home - Suzuki Indonesia,2026-09-28,not captured,,Navigation review only; no sitemap was available.,Low
Toyota,PERSONALISATION & RETENTION,Customer account,Confirmed,2,no,"A ""Login Akun Toyota Anda"" modal offers phone-number login and a ""Daftar Sekarang"" registration link.",Login button on every page opens the modal; the dealer picker inside the finance flow also mentions login.,,https://www.toyota.astra.co.id/,PT. Toyota-Astra Motor | Mobil Terbaik Keluarga Indonesia,2026-09-28,not captured,,"Did not register or log in, so account features beyond the login screen are unverified.",Medium
Wuling,PERSONALISATION & RETENTION,Customer account,Partial,1,no,"A ""Login / Daftar"" (log in / register) link sits in the site header, and the Customer Care portal requires an account.",Header link on every page; the support portal login was recorded in an earlier pass.,,https://wuling.id/en,Wuling homepage,2026-09-28,not captured,,"The login and registration flow was not opened, so account features are unknown.",Low
BYD,PRICE & FINANCE,Finance calculator,Not found,0,no,No interactive on-site financing/instalment calculator was found.,"Checked homepage navigation and the Seal order flow; only third-party finance-company sites (dealer sites, leasing platforms) were found via web search offering BYD credit simulations.",,https://www.byd.com/id,BYD Indonesia,2026-09-24,not captured,,Did not check every individual model's order page for a calculator step.,Medium
Chery,PRICE & FINANCE,Finance calculator,Confirmed,3,no,"A 2-step credit simulation ties the financing request to a specific dealer: select vehicle model/type, then personal data with province, city and a required dealer field.","Step 1 (Select Vehicle): Car Model (BEV/CSH/ICE) and Car Type dropdowns, no personal info. Step 2 (Fill Your Personal Data): Full Name, Province, City, Dealer (required), Phone Number, Gender, Birth Date.",Financing request is structurally tied to a specific dealer before any number is calculated.,https://chery.co.id/en/credit-simulation/form,Credit Simulation | Chery Indonesia,2026-09-24,not captured,,"Did not submit personal data, so the final calculated instalment (step 3+) was not observed.",High
Daihatsu,PRICE & FINANCE,Finance calculator,Unknown,?,no,The credit-simulation page exists but was down for maintenance during this session.,"Navigating to daihatsu.co.id/simulasi-kredit/ shows ""Maaf Sahabat, halaman ini sedang dalam perbaikan"" (page under maintenance).",,https://daihatsu.co.id/simulasi-kredit/,Under Maintenance | Daihatsu Indonesia,2026-09-24,not captured,,Could not assess actual functionality since the page was offline; needs re-check on a later date.,Medium
Geely,PRICE & FINANCE,Finance calculator,Not found,0,no,No finance/credit calculator was found in the main navigation.,Nav is Models / Technology / News / Geely Care+ / Find Us / About Us / Test Drive; no financing tool listed.,,https://www.geelyauto.id/,Geely Auto Indonesia Homepage,2026-09-24,not captured,,Did not search the site beyond the visible navigation.,Medium
Honda,PRICE & FINANCE,Finance calculator,Confirmed,2,no,"Customer picks model, variant, colour, an optional maintenance package and optional accessories, then enters a DP% and gets a calculated instalment breakdown on-screen.","A 4-step wizard (model, colour, package, accessories) feeds a running price summary; a DP/Cash toggle plus a % field and ""Hitung"" button then produce vehicle price, DP amount and total loan amount inline.",Gives a real calculated financing breakdown without submitting any personal contact info first.,https://www.honda-indonesia.com/credit-simulation,Credit Simulation :: Honda Indonesia,2026-09-24,not captured,,"No dealer hand-off or save/share option was observed after the result; a ""Download Detail Pembiayaan Kredit"" PDF option exists but was not tested.",High
Hyundai,PRICE & FINANCE,Finance calculator,Confirmed,3,no,"A 5-step simulator (Dealer, Model, Specification, Price, Result) run by Hyundai Capital, Hyundai's financing arm, ties a financing estimate to a specific dealer from the first step.",Step 1 requires choosing a city and dealer (auto-pre-selects the first match); step 2 shows real starting prices per model; step 3 asks production year/type/exterior/interior before reaching price and result steps.,"Financing estimate is generated in the context of a specific dealer and exact vehicle spec, not a generic figure.",https://hyundaifinance.co.id/en/credit-simulation,Hyundai Capital - Credit Simulation,2026-09-24,not captured,,"Did not complete steps 4-5 (Price, Result) to see the final calculated instalment.",High
Isuzu,PRICE & FINANCE,Finance calculator,Confirmed,1,no,"The ""Credit Simulation Cost"" page only links out to third-party leasing partners and shows a static cost-breakdown infographic; no interactive DP/tenor calculator on Isuzu's own site.","Page lists leasing partners (ACC, Adira, Mandiri Tunas Finance, Mitsui Leasing, Sun Finance) with ""klik disini"" outbound links, plus static owning/operating-cost donut charts.","Points to financing partners and gives a general cost-structure sense, but doesn't calculate a specific instalment on-site.",https://isuzu-astra.com/credit-simulation/,Isuzu Astra Motor Indonesia - Credit Simulation,2026-09-24,not captured,,Did not follow the outbound leasing-partner links to see their calculators.,High
Jaecoo,PRICE & FINANCE,Finance calculator,Not found,0,no,No finance/credit calculator was found in the main navigation.,"Nav is Models / About Us / Super Hybrid System / Find Jaecoo (Contact Us, Find a Dealer); no financing tool listed.",,https://jaecoo.id/en,JAECOO Indonesia | Premium SUV with Advanced Technology,2026-09-24,not captured,,Did not search the site beyond the visible navigation.,Medium
MG,PRICE & FINANCE,Finance calculator,Not found,0,no,No finance/credit calculator was found on the site.,No credit-simulation nav item; a targeted site search for credit/simulation terms returned only third-party dealer/news results.,,https://www.mgmotor.id/,MG Motor Indonesia Official Site,2026-09-24,not captured,,,Medium
Mitsubishi,PRICE & FINANCE,Finance calculator,Partial,?,no,A vehicle-selection carousel with live starting OTR price per model opens from the Simulasi Kredit page.,"Carousel of 8 models (L300, New Xforce, Destinator, Pajero Sport, Xpander Cross, Xpander, Triton, L100 EV), each showing a starting price; clicking a model did not advance to a DP/tenor step in this session.",Lets a shopper see starting prices for every model from one financing-intent entry point.,https://www.mitsubishi-motors.co.id/simulasi-kredit,Simulasi Kredit | Mitsubishi Motors Indonesia,2026-09-24,not captured,,"Could not get the vehicle-selection click to advance past step 1 in this session after several attempts; DP%, tenure and calculated instalment were not observed. Needs re-test.",Low
Suzuki,PRICE & FINANCE,Finance calculator,Confirmed,1,no,"The credit-simulation page requires name, phone, email, city and a captcha before any calculation is shown.","Page opens directly on a ""Data Diri"" (personal data) form; no vehicle/DP/tenor inputs or calculated result are shown until the form and hCaptcha are submitted.",Collects a qualified lead but does not let a shopper get an estimate without giving contact details first.,https://www.suzuki.co.id/automobile/simulasi-kredit,Credit Simulasi Mobil | Suzuki Indonesia,2026-09-24,not captured,,"Did not submit fabricated contact info, so the post-submission calculation itself was not observed.",High
Toyota,PRICE & FINANCE,Finance calculator,Confirmed,3,no,"Customer configures a vehicle, must select a dealer, and sets down-payment %, insurance coverage and package type before the calculator can run.","Flow requires: vehicle+colour selection, then dealer selection (via a map picker with Test Drive/Trade-In tags), payment type, leasing provider (TAF/ACC only), insurance/package, DP%, then ""Hitung Simulasi"".","Ties a financing estimate to a specific configuration and a specific dealer in one flow, not a generic estimate.",https://www.toyota.astra.co.id/shopping-tools/financial-simulation/simulation-detail,Financial Simulation - Get closer to your dream Toyota,2026-09-24,not captured,,"""Hitung Simulasi"" stayed disabled until a dealer was chosen; the dealer map did not finish loading in this session so the final calculated instalment was not observed on-screen.",Medium
VinFast,PRICE & FINANCE,Finance calculator,Not found,0,no,No dedicated finance/credit calculator was found on the Indonesian VinFast site.,Search for credit-simulation or financing-offer content on vinfastauto.id returned no results; VinFast's financing content is US-market only.,,https://vinfastauto.id/en,Homepage | VinFast,2026-09-24,not captured,,"The reservation flow does show an ""Estimated installment cost"" reference tool and a financial-offer toggle, which is adjacent but not a standalone calculator.",Medium
Wuling,PRICE & FINANCE,Finance calculator,Not found,0,no,No interactive credit/instalment calculator was found.,"The Shopping Tools menu lists Dealer, Price List, Comparison Car, EV Calculator, Download Brochure, Promo & Deals and Purchasing Consultation -- no credit/instalment simulator. Site search only surfaces blog articles explaining how to calculate credit manually.",,https://wuling.id/en,Drive Your Car With Family for A Better Life | Wuling,2026-09-24,not captured,,"Did not check the ""Purchasing Consultation"" flow, which may lead to a financing conversation with a human.",Medium
BYD,PRICE & FINANCE,Public pricing,Confirmed,2,no,"A dedicated ""Daftar Harga"" page lists per-variant pricing (e.g. Seal Premium/Advanced-Plus, Atto 3) rather than just a single headline figure.","Page shows each model with named trims/variants and their own price, not just a single ""starting from"" figure.","Lets a shopper compare specific trims, not just entry prices.",https://www.byd.com/id/pricelist,Daftar Harga | BYD Indonesia,2026-09-24,not captured,,Did not check every model for full variant coverage.,High
Chery,PRICE & FINANCE,Public pricing,Confirmed,1,no,Homepage shows a starting price for the featured model.,"Hero banner: ""Starts from IDR 249.900.000"" for the Chery Q.",Immediate price anchor on the homepage.,https://chery.co.id/en,Experience drive of the future with Chery Indonesia!,2026-09-24,not captured,,,High
Daihatsu,PRICE & FINANCE,Public pricing,Confirmed,2,no,"A dedicated price-list page shows a starting OTR DKI Jakarta price per model (e.g. New Terios from Rp 249.450.000, All New Xenia from Rp 229.650.000).","Page lists each model with a ""Harga Mulai"" figure.",Lets a shopper compare entry prices across the lineup without a dealer.,https://daihatsu.co.id/price-list,Harga Resmi Daihatsu Baru | Daihatsu Indonesia,2026-09-28,not captured,,"Per-variant prices not checked. Checked via HTTP fetch of page HTML, not an interactive browser session.",High
Geely,PRICE & FINANCE,Public pricing,Confirmed,2,no,"Model pages show OTR Jakarta pricing per variant, e.g. Geely EX2 Pro IDR 239.9 Mio, EX2 Max IDR 269.9 Mio.",Two named variants with distinct prices are shown directly on the model landing section.,Lets a shopper compare variant pricing without contacting a dealer.,https://www.geelyauto.id/models/geely-ex2,GEELY EX2 | Geely Auto Indonesia,2026-09-24,not captured,,,High
Honda,PRICE & FINANCE,Public pricing,Confirmed,2,no,"Every model on the homepage shows a starting price (""harga mulai"") alongside Detail/Test Drive/Simulasi Kredit/Bandingkan links.","Model cards list a specific starting price, e.g. Honda BR-V N7X Rp302,100,000.",,https://www.honda-indonesia.com/,Honda Indonesia The Power of Dreams,2026-09-24,not captured,,,High
Hyundai,PRICE & FINANCE,Public pricing,Confirmed,2,no,"The ""Find a Car"" page lists a starting price per model (e.g. STARGAZER Cartenz X from Rp.350,000,000) alongside Detail and Get Quote buttons.",Grid of models each with a starting price and two CTAs.,,https://www.hyundai.com/id/en,"Hyundai Motor Indonesia - EV, SUV, MPV & Hybrid",2026-09-24,not captured,,,High
Isuzu,PRICE & FINANCE,Public pricing,Not found,0,no,"No prices are shown on the D-Max product page or the homepage; the page offers ""Request Quotation"" instead.","D-Max page sections are Spesifikasi, Dimensi, Mesin, Chassis, Exterior, Safety, Comfort and Gallery, with Compare, Brochure and Request Quotation buttons.",,https://isuzu-astra.com/all-new-isuzu-d-max/,Isuzu Astra Motor Indonesia - All New Isuzu D-Max,2026-09-28,not captured,,"Checked the D-Max page and homepage only, not every model.",Medium
Jaecoo,PRICE & FINANCE,Public pricing,Confirmed,1,no,Homepage banner shows an OTR price for the featured model.,"Hero banner shows ""Rp514.900.000* OTR JABODETABEK"" for the JAECOO J7 SHS-P.",Gives an immediate price anchor without navigating further.,https://jaecoo.id/en,JAECOO Indonesia | Premium SUV with Advanced Technology,2026-09-24,not captured,,Did not check whether every model/variant has a listed price.,High
Mitsubishi,PRICE & FINANCE,Public pricing,Confirmed,2,no,"The homepage shows a ""Mulai Dari"" starting price for every model (e.g. New Xforce Rp388.000.000, Destinator Rp402.000.000, Xpander Rp274.500.000).",Model strip with a starting price per model.,,https://www.mitsubishi-motors.co.id/,Drive your Ambition | Mitsubishi Motors Indonesia,2026-09-28,not captured,,"Variant-level pricing not checked. Checked via HTTP fetch of page HTML, not an interactive browser session.",High
Suzuki,PRICE & FINANCE,Public pricing,Confirmed,2,no,"A price-list page shows per-variant prices (67 price entries, e.g. Grand Vitara GX MC Rp 419.300.000, Two Tone Rp 422.300.000).",Variant-level table on the Daftar Harga page.,Lets a shopper compare specific trims and colour options.,https://www.suzuki.co.id/pricelist,Daftar Harga Kendaraan Suzuki | Suzuki Indonesia,2026-09-28,not captured,,"Region/OTR basis not checked. Checked via HTTP fetch of page HTML, not an interactive browser session.",High
Toyota,PRICE & FINANCE,Public pricing,Confirmed,2,no,"Every model card on the homepage shows a ""Mulai Dari"" OTR Jakarta price (e.g. New Calya Rp170.200.000, All New Avanza Rp243.700.000).",Model grid with a starting price and a fuel-type tag per model; a Daftar Harga link is also in the Shop Now menu.,,https://www.toyota.astra.co.id/,PT. Toyota-Astra Motor | Mobil Terbaik Keluarga Indonesia,2026-09-28,not captured,,Did not open the Daftar Harga page itself for per-variant prices (a guessed /price-list URL 404s).,High
Wuling,PRICE & FINANCE,Public pricing,Unknown,?,no,A Price List page exists in Shopping Tools but its prices are not in the server-rendered HTML.,"Page loaded (HTTP 200) with no price figures in the static markup, so prices are probably loaded by JavaScript.",,https://wuling.id/en/price-list,Wuling Price List,2026-09-28,not captured,,"Needs a browser check. Checked via HTTP fetch of page HTML, not an interactive browser session.",Low
Daihatsu,TRADE-IN & USED VEHICLES,Trade-in information,Partial,1,no,"Homepage promotion mentions a ""Paket Tukar"" (trade-in package) but no dedicated valuation tool was reached.","A ""PAKET TUKAR"" quick-link icon appears on the homepage bottom bar alongside PAKET KREDIT/DISKON SPESIAL/GRATIS KONSULTASI; did not successfully navigate to a dedicated trade-in tool in this session.",,https://daihatsu.co.id/,"Daihatsu Indonesia - Merk Mobil Keluarga Terbaik, Mobil Terlaris 2026",2026-09-24,not captured,,Could not reach the actual trade-in tool/page in this session; only the homepage promo icon was observed.,Low
Honda,TRADE-IN & USED VEHICLES,Trade-in information,Confirmed,1,no,"Trade-in happens via a network of ""Honda Certified Used Car"" dealers rather than an online valuation tool.","Multiple press releases document Honda Certified Used Car dealers opening across Indonesian cities, positioned as the trade-in channel for existing owners.",,https://www.honda-indonesia.com/,Honda Indonesia The Power of Dreams,2026-09-24,not captured,,Did not find an online appraisal/valuation form specifically; evidence is press coverage of the dealer network.,Medium
Hyundai,TRADE-IN & USED VEHICLES,Trade-in information,Confirmed,1,no,"A detailed Trade-in program page documents eligibility, appraisal, process and payment terms, including specific cash benefits.","Page lists eligibility criteria, required documents, a third-party appraisal process, and stated benefits (e.g. IDR 5,000,000 for non-EV purchases, IDR 10,000,000 for Palisade/Santa Fe); no online appraisal-request tool on this page.",Sets clear expectations and even a cash-benefit figure before the customer starts the process.,https://www.hyundai.com/id/en/myhyundaicare/jual-kembali/trade-in,Trade-in Program | myHyundaiCare | Hyundai Indonesia,2026-09-24,not captured,,No interactive appraisal-request form found on this page; the trade-in itself happens via a dealer visit.,High
Isuzu,TRADE-IN & USED VEHICLES,Trade-in information,Not found,0,no,No trade-in or used-vehicle page appears in the site navigation.,"Menu covers products, dealer, workshop, parts, Isuzu Link, MyISUZUID, credit simulation and media.",,https://isuzu-astra.com/,Isuzu Astra Motor Indonesia,2026-09-28,not captured,,Navigation review only.,Low
Mitsubishi,TRADE-IN & USED VEHICLES,Trade-in information,Confirmed,1,no,"Mitsubishi promotes a trade-in (tukar tambah) programme through DSS Motor in Jabodetabek and Bandung alongside cashback, and runs a certified used-car service, Diamond Smart Auto.",Documented in a July 2026 sales-programme press release and a 2020 Diamond Smart Auto launch release; no online valuation tool was found.,Sets expectations for trading in an old car when buying a new one.,https://www.mitsubishi-motors.co.id/category/news-id/beli-mobil-baru-mitsubishi-motors-bisa-trade-in-dan-dapat-cashback,Beli Mobil Baru Mitsubishi Motors Bisa Trade-in dan Dapat Cashback!,2026-09-28,not captured,,Press releases only; no dedicated trade-in page or appraisal request tool was found in the sitemap.,Medium
Suzuki,TRADE-IN & USED VEHICLES,Trade-in information,Confirmed,2,no,"""Auto Value"" is Suzuki's own certified used-car and trade-in service with a structured intake form (domicile, name, phone, brand, model/variant, production year, transmission, mileage) and a trade-in checkbox.","Form submission routes to a 135-point technician inspection and certification process, with a 1-year/20,000km engine and transmission warranty on certified units; Auto Value operates physical outlets in several cities.","A real structured valuation intake (not just a contact form), backed by a documented inspection and certification process.",https://www.suzuki.co.id/autovalue,Autovalue | Suzuki Indonesia,2026-09-24,not captured,,"Did not submit the form, so the resulting valuation/offer process was not observed.",High
Toyota,TRADE-IN & USED VEHICLES,Trade-in information,Confirmed,2,no,"A dedicated Trade-In program page describes a clear 3-step process (dealer appraisal -> price offer -> new-car handover) with FAQ, going beyond a simple toggle.","""Jadwalkan Penilaian dengan Mudah"": the chosen dealer contacts the customer for appraisal, the appraiser offers a price, and if accepted the customer proceeds to the new Toyota purchase.","A named, documented process rather than just a toggle switch inside the finance flow.",https://www.toyota.astra.co.id/shopping-tools/trade-in,Vehicle Trade-In,2026-09-24,not captured,,,High
Wuling,TRADE-IN & USED VEHICLES,Trade-in information,Not found,0,no,No trade-in page or link was found in the full site navigation.,"Shopping Tools lists Dealer, Price List, Comparison Car, EV Calculator, Brochure, Promo & Deals and Purchasing Consultation.",,https://wuling.id/en,Wuling homepage,2026-09-28,not captured,,Navigation review only; no site search was run.,Low
